Dealer Name,Address,City,State,County,ZipCode,OEM #1,Sales,Service,Financing,Dealer Website,Dealer Phone,Dealer Email,Facebook Link,Google Score,# Google,lat,lng
A-PROFESSIONAL HEATING & A/C LLC,"1200 MCKASKLE DR, HAMMOND, Louisiana,  70403",HAMMOND,Louisiana,Tangipahoa,70403,Generac,Yes,No,No,,985-467-0114,,,,,30.4854143,-90.47230739999999
GENERATORS UNLIMITED,"34372 Robbie Lee Dr, Denham Springs, Louisiana, 70706",Denham Springs,Louisiana,Livingston,70706,Generac,Yes,No,No,www.generatorsunlimited.biz,225-906-0042,,,,,30.565709,-90.939165
"AIR-COOL REFRIGERATION, LLC","501 NORTH THIRD STREET, KENTWOOD, Louisiana, 70444",KENTWOOD,Louisiana,Tangipahoa,70444,Generac,No,Yes,No,,985-229-7018,,,,,30.9494036,-90.50852909999999
TANGI ELECTRIC & MAINTENANCE CO INC,"PO BOX 2516, HAMMOND, Louisiana, 70404",HAMMOND,Louisiana,Tangipahoa,70404,Generac,No,Yes,No,http://www.tangielectric.com,985-542-9124,,,,,30.5040918,-90.46136179999999
Spear Electric LLC,"81 Log Cabin Rd NW, Roxie, Mississippi, 39661",Roxie,Mississippi,Franklin,39661,Generac,No,Yes,No,,601-597-2344,,,,,31.5453525,-91.13167089999999
IDEAL GENERATORS INC,"34787 HWY 16 SUITE A, DENHAM SPRINGS, Louisiana, 70706",DENHAM SPRINGS,Louisiana,Livingston,70706,Generac,No,Yes,No,,225-933-9219,,,,,30.5723436,-90.95585129999999
"BUCKHAULTS ELECTRIC SERVICES, LLC","600 HARRISON STREET, ELLISVILLE, Mississippi, 39437",ELLISVILLE,Mississippi,Jones,39437,Generac,Yes,No,No,,601-477-2061,,,,,31.6070927,-89.2069545
"HILLTOP POWER PRODUCTS, LLC","76 CARY KIRKLAND ROAD, POPLARVILLE, Mississippi, 39470",POPLARVILLE,Mississippi,Pearl River,39470,Generac,Yes,Yes,No,,601-403-9646,,,,,30.8310601,-89.5637326
BRADFORD ELECTRIC,"1 81-A BETTY SANDERSON ROAD, WAYNESBORO, Mississippi, 39367",WAYNESBORO,Mississippi,Wayne,39367,Generac,Yes,Yes,No,,601-735-9225,,,,,31.5841463,-88.83369119999999
WHITFIELD HEATING & AIR INC,"75 CRYSTAL CREEK, HATTIESBURG, Mississippi, 39402",HATTIESBURG,Mississippi,Forrest,39402,Generac,Yes,No,No,,601-264-9969,,,,,31.292939,-89.459013
JOE'S ELECTRICAL,"900 Spring Hill Rd, Poplarville, Mississippi, 39470",Poplarville,Mississippi,Pearl River,39470,Generac,Yes,No,No,,601-310-4342,,,,,30.9239641,-89.55575119999999
Beacon Power Systems,"18072 Hwy 49, SAUCIER, Mississippi, 39501",SAUCIER,Mississippi,Harrison,39501,Generac,Yes,Yes,Yes,www.beaconpowers.com,228-832-9500,,,,,30.54577909999999,-89.1185021
"3RD ROCK ENERGY SOLUTIONS, LLC","15701 LEMOYNE BLVD, BILOXI, Mississippi, 39532",BILOXI,Mississippi,Harrison,39532,Generac,Yes,Yes,No,www.brice-electric.com,228-207-4584,,,,,30.442204,-88.8714064
"BRICE ELECTRIC, LLC","14301 CREOSOTE ROAD, GULFPORT, Mississippi, 39503",GULFPORT,Mississippi,Harrison,39503,Generac,Yes,Yes,No,,228-863-3232,,,,,30.426957,-89.0786
DOLEAC ELECTRIC COMPANY INC,"12503 DEDEAUX RD, GULFPORT, Mississippi, 39503",GULFPORT,Mississippi,Harrison,39503,Generac,No,Yes,No,,228-831-9777,,,,,30.4493025,-89.0517881
"K & R Services, Inc.","1911 Kenneth Ave, Pascagoula, Mississippi, 39567",Pascagoula,Mississippi,Jackson,39567,Generac,No,Yes,No,www.kandrservices.com,251-649-5902,,,,,30.3719972,-88.5435033
DON HEMBREE HEAT & A/C INC.,"7921 TANNER WILLIAMS RD. STE. E, MOBILE, Alabama, 36608",MOBILE,Alabama,Mobile,36608,Generac,Yes,Yes,No,,,,,,,30.69416,-88.2279624
LAMEY ELECTRIC INC,"1088 COLUMBUS ST, BILOXI, Mississippi, 39530",BILOXI,Mississippi,Harrison,39530,Generac,Yes,No,No,,228-436-3611,,,,,30.4061267,-88.9028166
"SEAL ELECTRICAL, INC","16049 N. BIG HILL ROAD, GULFPORT, Mississippi, 39503",GULFPORT,Mississippi,Harrison,39503,Generac,Yes,No,No,,228-323-4954,,,,,30.5169119,-89.20973649999999
A&C ELECTRIC,"20609 BASCH ROAD, LONG BEACH, Mississippi, 39560",LONG BEACH,Mississippi,Harrison,39560,Generac,Yes,No,No,,228-437-1892,,,,,30.39593929999999,-89.1853107
"CCS INDUSTRIAL SALES, INC.","3062 Hwy 43 North, PICAYUNE, Mississippi, 39466",PICAYUNE,Mississippi,Pearl River,39466,Generac,Yes,No,No,www.ccsboilers.com,601-798-5400,,,,,30.5520806,-89.68286959999999
MINTO ELECTRIC INC,"7350 HOWELLS FERRY ROAD, MOBILE, Alabama, 36618",MOBILE,Alabama,Mobile,36618,Generac,Yes,No,No,,251-344-8932,,,,,30.7167164,-88.21406689999999
"MILLENNIUM CONSTRUCTION, LLC.","3254 MALLET RD. SUITE C., D'IBERVILLE, Mississippi, 39540",D'IBERVILLE,Mississippi,Harrison,39540,Generac,No,Yes,No,www.millennium-construction.com,228-331-1616,,,,,30.4579858,-88.8910007
VALESTRO BUILDING GROUP LLC,"BILOXI, BILOXI, Mississippi, 39532",BILOXI,Mississippi,Harrison,39532,Generac,No,Yes,No,www.valestrobuildinggroupllc.com,228-860-0097,,,,,30.5007553,-88.96053649999999
"MILLER CO., INC.","14376 COUNTY FARM ROAD, GULFPORT, Mississippi, 39503",GULFPORT,Mississippi,Harrison,39503,Generac,No,Yes,No,www.millercoinc.com,228-832-3352,,,,,30.4935869,-89.17714699999999
TOTAL SITE MAINTENANCE INC.,"9325 JOHNSON ROAD SOUTH, MOBILE, Alabama, 36695",MOBILE,Alabama,Mobile,36695,Generac,No,Yes,No,www.tsmcorp.net,251-442-5166,,,,,30.624453,-88.26143599999999
"EARLEY AIR CONTROL, INC.","8042 Wards Ln, Semmes, Alabama, 36575",Semmes,Alabama,Mobile,36575,Generac,No,Yes,No,,251-649-1026,,,,,30.757691,-88.23075600000001
GULF SALES & SUPPLY INC.,"1909 KENNETH AVE, PASCAGOULA, Mississippi, 39568",PASCAGOULA,Mississippi,Jackson,39568,Generac,Yes,No,No,,228-762-0268,,,,,30.3721402,-88.5442209
THE SERVICE CO.,"1, MERIDIAN, Mississippi, 39301",MERIDIAN,Mississippi,Lauderdale,39301,Generac,Yes,Yes,No,,601-482-8529,,,,,32.3705686,-88.70081809999999
"REDHEAD ELECTRICAL SERVICES, LLC","278 ELLIS RD., COLUMBUS, Mississippi, 39702",COLUMBUS,Mississippi,Lowndes,39702,Generac,Yes,Yes,No,,662-574-2026,,,,,33.5246596,-88.3254626
ELECTRIC MOTOR SALES & SERVICE INC,"232 ALABAMA STREET - PO BOX 2225, COLUMBUS, Mississippi, 39704",COLUMBUS,Mississippi,Lowndes,39704,Generac,Yes,No,No,,662-327-1606,,,,,33.495007,-88.3823029
Precision Communications,"587, TUPELO, Mississippi, 38801",TUPELO,Mississippi,Lee,38801,Generac,Yes,No,Yes,www.precisioncomm.com,662-844-3118,,,,,34.24878,-88.71258999999999
GENERATOR POWER SYSTEMS,"411 NORTH JOANN ST, TUPELO, Mississippi, 38801",TUPELO,Mississippi,Lee,38801,Generac,No,Yes,No,,662-231-0092,,,,,34.2618467,-88.74425049999999
"MIDSOUTH GENERATORS, LLC","1734 WILDCAT BOTTOM RD., RED BANKS, Mississippi, 38661",RED BANKS,Mississippi,Marshall,38661,Generac,Yes,Yes,No,www.midsouthgenerators.com,662-851-7947,,,,,34.885428,-89.534214
D & H ELECTRIC INC,"44 CHASE ST, BYHALIA, Mississippi, 38611",BYHALIA,Mississippi,Marshall,38611,Generac,No,Yes,No,www.dandhelectricinc.com,662-838-6133,,,,,34.8742302,-89.7015971
ROBINSON ELECTRIC COMPANY INC,"825 NORTH CHRISMAN AVE, CLEVELAND, Mississippi, 38732",CLEVELAND,Mississippi,Bolivar,38732,Generac,Yes,Yes,No,www.robinsonelectric.biz,662-843-3978,,,,,33.7585927,-90.7189848
"MYLES-HVAC-R SALES & SVC, LLC","2533 MARTIN LAKE RD, ISOLA, Mississippi, 38754",ISOLA,Mississippi,Humphreys,38754,Generac,Yes,No,No,,662-836-6782,,,,,33.2352657,-90.6554472
MIZELL HEATING AND AIR INC,"200 NORTH MAIN STREET, DUMAS, Arkansas, 71639",DUMAS,Arkansas,Desha,71639,Generac,Yes,No,No,,870-382-5250,,,,,33.8894432,-91.4926936
CLARK GAS COMPANY,"4525 PARKWAY DR, FLORENCE, Alabama, 35630",FLORENCE,Alabama,Lauderdale,35630,Generac,Yes,Yes,No,,256-764-7262,,,,,34.8768895,-87.6572143
T & M SERVICES INC.,"7490 APPLING CENTER DR., BARTLETT, Tennessee, 38133",BARTLETT,Tennessee,Shelby,38133,Generac,Yes,Yes,Yes,,901-482-8669,,,,,35.2031299,-89.81340159999999
BANKS ELECTRIC INC.,"399 DISTRIBUTION PARKWAY, COLLIERVILLE, Tennessee, 38017",COLLIERVILLE,Tennessee,Shelby,38017,Generac,Yes,Yes,No,www.bankselectricllc.com,901-853-4920,,,,,35.0340206,-89.66857990000001
BEST CARE HOME SERVICES LLC,"5250 PLEASANT VIEW ROAD SUITE 1, MEMPHIS, Tennessee, 38134",MEMPHIS,Tennessee,Shelby,38134,Generac,Yes,Yes,No,,901-624-1401,,,,,35.1746884,-89.88814959999999
POWER DOCTORS ELECTRICAL SERVICES,"3488 WINHOMA DRIVE, MEMPHIS, Tennessee, 38118",MEMPHIS,Tennessee,Shelby,38118,Generac,Yes,Yes,No,www.powerdoctors.net,901-415-6005,,,,,35.0535608,-89.94907669999999
"BENCHMARK ELECTRIC, LLC","1245 Big Orange Rd, Cordova, Tennessee, 38018",Cordova,Tennessee,Shelby,38018,Generac,Yes,Yes,No,www.benchmarkelectric.us,901-481-1292,,,,,35.1591805,-89.74496359999999
Burns Electric,"1835 SFC 311, Forrest city, Arkansas, 72335",Forrest city,Arkansas,St. Francis,72335,Generac,Yes,Yes,No,,870-633-6051,,,,,35.0799604,-90.7777493
MASTERTECHS INC,"40 BURTON PLACE DRIVE, Oakland, Tennessee, 38060",Oakland,Tennessee,Fayette,38060,Generac,Yes,Yes,No,www.mastertechsinc.com,901-870-6253,,,,,35.219063,-89.528155
CROSSETT SERVICE COMPANY LLC,"106A N ALABAMA ST, Crossett, Arkansas, 71635",Crossett,Arkansas,Ashley,71635,Generac,Yes,Yes,No,,870-304-2121,,,,,33.134992,-91.96350029999999
"BATY SERVICE CO., INC.","7821 AL HWY 25, GREENSBOARD, Alabama, 36744",GREENSBOARD,Alabama,Hale,36744,Generac,Yes,Yes,No,,334-624-0997,,,,,32.5935912,-87.59339159999999
MARLOWE ELECTRIC,"2210 S MAIN ST, LINDEN, Alabama, 36748",LINDEN,Alabama,Marengo,36748,Generac,Yes,Yes,Yes,,334-295-1904,,,,,32.2875747,-87.7959881
AG ELECTRIC SERVICES LLC,"211 WOODRUFF 752 - PO BOX 87, GREGORY, Arkansas, 72059",GREGORY,Arkansas,Woodruff,72059,Generac,Yes,Yes,No,,501-626-5025,,,,,35.1532912,-91.3310855
"M & I ELECTRIC, INC.","104 PORTLAND ROAD, EUDORA, Arkansas, 71640",EUDORA,Arkansas,Chicot,71640,Generac,Yes,No,No,,870-355-4992,,,,,33.2106089,-91.2788437
LEE HUIE,"3345 MEGAN DRIVE, SOUTHAVEN, Mississippi, 38672",SOUTHAVEN,Mississippi,DeSoto,38672,Generac,Yes,No,No,,901-258-9750,,,,,34.9258976,-89.93074299999999
L.J.'S REFRIGERATION,"223 JONES LOOP, OAK GROVE, Louisiana, 71263",OAK GROVE,Louisiana,West Carroll,71263,Generac,Yes,No,No,,318-452-1572,,,,,32.8167431,-91.39446249999999
HENDERSON ELECTRIC,"1, CORDOVA, Tennessee, 38088",CORDOVA,Tennessee,Shelby,38088,Generac,Yes,No,No,,901-359-7680,,,,,,
MODERN ELECTRIC,"226 RIDGE ROAD, Oakland, Tennessee, 38060",Oakland,Tennessee,Fayette,38060,Generac,Yes,No,No,,901-351-2147,,,,,35.2653084,-89.51410469999999
POWERHOUSE ELECTRIC INC.,"120 N. WEST STREET, FORREST CITY,, Arkansas, 72335","FORREST CITY,",Arkansas,St. Francis,72335,Generac,Yes,No,No,,870-633-7575,,,,,35.0084689,-90.78830359999999
ROBINSON'S ELECTRICAL REPAIR SERVIC,"183 SHACKELFORD COVE, MARION, Arkansas, 72364",MARION,Arkansas,Crittenden,72364,Generac,Yes,No,Yes,,901-229-6763,,,,,35.255457,-90.236199
CUMMINGS HEATING COOLING WHOLESALE,", FORREST CITY, Arkansas, 72336",FORREST CITY,Arkansas,St. Francis,72336,Generac,Yes,No,No,,870-630-0330,,,,,35.01,-90.78999999999999
CUMMINGS HEATING COOLING INC.,", FORREST CITY, Arkansas, 72336",FORREST CITY,Arkansas,St. Francis,72336,Generac,No,Yes,No,,870-630-0330,,,,,35.01,-90.78999999999999
DONALD G THWEATT JR,"5941 RAMSEY RD, MEMPHIS, Tennessee, 38127",MEMPHIS,Tennessee,Shelby,38127,Generac,Yes,No,No,,901-353-4884,,,,,35.288398,-90.056681
SOUTHERN WHOLESALE INC,"4475 Chester Rd, Arlington, Tennessee, 38002",Arlington,Tennessee,Shelby,38002,Generac,Yes,No,No,,901-331-2736,,,,,35.2481386,-89.6480546
RESCOM ELECTRIC INC,"3500 NORTHBROOK DR STE H, NORTHPORT, Alabama, 35473",NORTHPORT,Alabama,Tuscaloosa,35473,Generac,Yes,No,No,,205-339-0054,,,,,33.2391869,-87.5607205
HOYT A FUTRELL III,"16 SHANNON DRIVE, WYNNE, Arkansas, 72396",WYNNE,Arkansas,Cross,72396,Generac,Yes,No,No,,870-588-1991,,,,,35.226928,-90.769072
NICHOLSON'S HEATING & AIR,"417 S BLAKE ST, PINE BLUFF, Arkansas, 71601",PINE BLUFF,Arkansas,Jefferson,71601,Generac,Yes,No,No,,870-534-5476,,,,,34.2248238,-92.0430487
HEARN SERVICES INC,"3311 COUNTY RD 47, FLORENCE, Alabama, 35630",FLORENCE,Alabama,Lauderdale,35630,Generac,Yes,No,No,,256-764-6474,,,,,34.8531576,-87.6403721
P & K ELECTRIC,"799 IRVY ROAD, ENGLAND, Arkansas, 72046",ENGLAND,Arkansas,Lonoke,72046,Generac,Yes,No,No,,501-285-5644,,,,,34.54092869999999,-91.9595595
A-OK APPLIANCE REPAIR,"4350 HIGHWAY 157, FLORENCE, Alabama, 35633",FLORENCE,Alabama,Lauderdale,35633,Generac,Yes,No,No,,256-766-0715,,,,,34.8686627,-87.6913713
MVR ELECTRIC INC,"3555 BAYBERRY DRIVE, HORN LAKE, Mississippi, 38637",HORN LAKE,Mississippi,DeSoto,38637,Generac,No,Yes,Yes,,662-253-5663,,,,,34.963504,-90.0540886
CONWAY SERVICES,"1220 BIG ORANGE RD, Cordova, Tennessee, 38018",Cordova,Tennessee,Shelby,38018,Generac,No,Yes,No,,901-384-3511,,,,,35.1587136,-89.74390249999999
ABOVE AND BEYOND ELECTRIC COMPANY,"7475 MEMPHIS ARLINGTON RD, BARTLETT, Tennessee, 38135",BARTLETT,Tennessee,Shelby,38135,Generac,No,Yes,No,,901-266-4630,,,,,35.234482,-89.81392199999999
MORRISON A/C AND ELECTRIC INC.,"200 BERT WILSON LANE, RISON, Arkansas, 71665",RISON,Arkansas,Cleveland,71665,Generac,No,Yes,No,,870-357-2946,,,,,33.9584347,-92.19014539999999
TMR GENERATORS,"123 OAKVIEW DR, TEXARKANA, Arkansas, 75501",TEXARKANA,Arkansas,Bowie,75501,Generac,Yes,Yes,No,,903-701-4659,,,,,33.4220516,-94.1827572
SELECT SERVICE CO.,"106 DAYTON STREET, LINDEN, Texas, 75563",LINDEN,Texas,Cass,75563,Generac,Yes,Yes,No,,903-824-1620,,,,,33.0023867,-94.3683665
Steve Sharp Electric,"156 Craig Lane, DeQueen, Arkansas, 71832",DeQueen,Arkansas,Sevier,71832,Generac,Yes,Yes,No,,870-584-4902,,,,,34.0564947,-94.35249250000001
ALLHEART ELECTRIC COMPANY,"4943 LINE FERRY ROAD, TEXARKANA, Arkansas, 71854",TEXARKANA,Arkansas,Miller,71854,Generac,Yes,No,Yes,,870-330-4118,,,,,33.3747955,-94.0220361
Nantze Electric Company Inc,"1015 N Bishop Road, TEXARKANA, Texas, 75501",TEXARKANA,Texas,Bowie,75501,Generac,Yes,No,Yes,,903-832-1368,,,,,33.4287436,-94.0973008
ALAN'S ELECTRICAL SERVICE,"1996 FM 2791, ATLANTA, Texas, 75551",ATLANTA,Texas,Cass,75551,Generac,Yes,No,No,,903-796-8758,,,,,33.1137419,-94.16435369999999
"CARVERS, INC","104, LOCKESBURG, Arkansas, 71846",LOCKESBURG,Arkansas,Sevier,71846,Generac,Yes,No,Yes,,870-584-8379,,,,,33.9609175,-94.17171839999999
JERRY BERRY AC & ELECTRIC,"800 W HOUSTON ST, LINDEN, Texas, 75563",LINDEN,Texas,Cass,75563,Generac,Yes,No,No,,903-720-8409,,,,,33.0120135,-94.3731974
HUMPHREY ELECTRIC,"1244 CR 2924, HUGHES SPRINGS, Texas, 75656",HUGHES SPRINGS,Texas,Cass,75656,Generac,Yes,No,No,,903-639-3106,,,,,32.998462,-94.6307585
DIAMOND CITY REFRIGERATION INC,"PO BOX 863, MURFREESBORO, Arkansas, 71958",MURFREESBORO,Arkansas,Pike,71958,Generac,Yes,No,No,,870-285-5155,,,,,34.0623308,-93.6899049
Northside Electric,"6834 Congo Rd 'Benton, AR 72019",Benton,Arkansas,Hot Spring,72019,Generac,Yes,Yes,Yes,www.generatorsarkansas.com,888-755-7213,,,,,34.6269575,-92.57376789999999
WEAVERS HEATING AND AIR INC.,"625 N. EDGAR 'FORDYCE, AR 71742",FORDYCE,Arkansas,Dallas,71742,Generac,Yes,Yes,No,weavershvac.com,870-352-2440,,,,,33.816654,-92.423671
STALEY INC,"3400 J.E. DAVIS DRIVE, 'LITTLE ROCK, AR 72209",LITTLE ROCK,Arkansas,Pulaski,72209,Generac,Yes,Yes,No,www.staleyinc.com,501-565-3006,,,,,34.67484719999999,-92.3161075
BERT BLACK SERVICE COMPANY,"2923 W 60th St, 'Little Rock, AR 72209",LITTLE ROCK,Arkansas,Pulaski,72209,Generac,Yes,Yes,No,,501-228-9770,,,,,34.6939152,-92.30949989999999
CHR-EYTON ELECTRIC INC,"8900 INTERSTATE 30, 'LITTLE ROCK, AR 72209",LITTLE ROCK,Arkansas,Pulaski,72209,Generac,Yes,Yes,No,www.chreyton.com,501-562-6900,,,,,34.6795482,-92.35090369999999
AIRMASTERS LLC,"4200 Heritage Dr, 'North Little Rock, AR 72117",North Little Rock,Arkansas,Pulaski,72117,Generac,Yes,Yes,No,,501-758-6363,,,,,37.6988493,-121.0228647
ARKANSAS ELECTRIC SERVICE AND CONT.,"1421 EAST 9TH STREET, LITTLE ROCK, AR 72202",LITTLE ROCK,Arkansas,Pulaski,72202,Generac,Yes,Yes,No,arkansas-electricservice.com,501-372-3720,,,,,34.7388267,-92.254618
RYAN AND COMPANY,"4419 WEST 30TH, LITTLE ROCK, AR 72204",LITTLE ROCK,Arkansas,Pulaski,72204,Generac,Yes,Yes,No,ryanelectricalservice.com,501-952-8151,,,,,34.7241643,-92.32397259999999
SHELTER SOLUTIONS OF ARKANSAS,"11400 ARCH ST LITTLE ROCK, AR 72206",LITTLE ROCK,Arkansas,Pulaski,72206,Generac,Yes,No,No,www.sheltersolutionsar.com,501-626-2213,,,,,34.6460943,-92.3069979
POWER ON GENERATORS,"4400 RIXIE ROAD, N. LITTLE ROCK, AR 72117",N. LITTLE ROCK,Arkansas,Pulaski,72117,Generac,Yes,No,No,,501-416-6853,,,,,34.8278716,-92.18253759999999
ADVANTAGE SERVICE COMPANY,"1797 NORTH CYPRESS ST, NORTH LITTLE ROCK, AR 72114",North Little Rock,Arkansas,Pulaski,72114,Generac,Yes,No,No,www.advantageserviceco.com,501-758-2404,,,,,34.7707896,-92.26269309999999
SHANE TOTTEN,"9217 CROSSROADS, BENTON, AR 72019",Benton,Arkansas,Hot Spring,72019,Generac,Yes,No,No,,501-326-4692,,,,,34.5273455,-92.6836914
"ENERGY MASTER HOME, INC.","5 COLLINGS INDUSTRIAL PLACE, NORTH LITTLE ROCK, AR 72113",North Little Rock,Arkansas,Pulaski,72113,Generac,Yes,No,No,www.energymasterhomeinc.com,501-753-7300,,,,,34.8308528,-92.38408109999999
TRI-C ELECTRIC,"502 LORA DRIVE, BRYANT, AR 72022",Bryant,Arkansas,Saline,72022,Generac,No,Yes,No,,501-920-8089,,,,,34.6204909,-92.4926842
MISTER SPARKY,"357 Highway 319 E, Vilonia, AR 72173",Vilonia,Arkansas,Faulkner,72173,Generac,Yes,Yes,Yes,,501-660-4357,,,,,35.0564517,-92.1261487
MCGREW SERVICE COMPANY,"507 HOBSON AVE, HOT SPRINGS, AR 71913",HOT SPRINGS,Arkansas,Garland,71913,Generac,Yes,Yes,Yes,www.mcgrewservice.com,501-760-3440,,,,,34.4978179,-93.06423269999999
YOUNG COMPANY ELECTRIC,"CABOT, AR 72023",Cabot,Arkansas,Lonoke,72023,Generac,Yes,Yes,No,,501-680-6028,,,,,34.974532,-92.0165336
"REED ELECTRIC, INC.","2516 HWY 31 N, BEEBE, AR 72012",Beebe,Arkansas,White,72012,Generac,Yes,Yes,No,www.reedelectric.net,501-882-6805,,,,,35.10642,-91.889033
O'NEAL ELECTRIC,"8 ARBOL LN, HOT SPRINGS VILLAGE, AR 71909",HOT SPRINGS Village,Arkansas,Garland,71909,Generac,Yes,Yes,Yes,,501-915-2815,,,,,34.6685962,-92.983088
"GIGERICH ELECTRICAL, INC.","4669 MALVERN ROAD, HOT SPRINGS, AR 71901",HOT SPRINGS,Arkansas,Garland,71901,Generac,Yes,Yes,No,www.gigerich.net,501-262-5550,,,,,34.4640549,-92.9304957
CHRIS MENZIES ELECTRIC LLC,"453 ROCK CREEK ROAD, HOT SPRINGS, AR 71913",HOT SPRINGS,Arkansas,Garland,71913,Generac,Yes,Yes,No,,501-627-2705,,,,,34.4658579,-93.1535234
ROUSH ELECTRICAL COMPANY LLC,"163 BUD FORD COVE, CABOT, AR 72023",Cabot,Arkansas,Lonoke,72023,Generac,Yes,No,No,,501-773-9515,,,,,34.9129008,-91.97166469999999
DAWN ELECTRIC LLC,"5183 HWY 36 WEST, ROSE BUD, AR 72137",ROSE BUD,Arkansas,White,72137,Generac,No,No,No,,501-658-7214,,,,,35.3154165,-91.9893451
AC ELECTRIC,"297 HUNTER RD., CENTER RIDGE, AR 72027",CENTER RIDGE,Arkansas,Conway,72027,Generac,Yes,No,No,,501-215-0262,,,,,35.38385,-92.55233
"DANIELL MECHANICAL SERVICES, INC.","102 B. TROOPER DR., HOTSPRINGS, AR 71913",Hotsprings,Arkansas,Garland,71913,Generac,No,Yes,No,www.daniellair.com,501-767-4977,,,,,34.5143896,-93.1256904
SNUFFY'S LLC,"3040 HIGHWAY 151, DOWNSVILLE, LA 71234",DOWNSVILLE,Louisiana,Union,71234,Generac,Yes,Yes,No,,318-243-5106,,,,,32.5688299,-92.39358849999999
DEANS HTG & A/C INC.,"1300 CALIFORNIA, CAMDEN, AR 71701",CAMDEN,Arkansas,Ouachita,71701,Generac,Yes,Yes,Yes,www.deansac.com,870-836-7785,,,,,33.5613679,-92.85056329999999
BLADES ELECTRIC COMPANY LLC,"14465 HWY 151, ARCADIA, LA 71001",HWY ,Louisiana,Bienville,71001,Generac,Yes,No,No,,318-243-1772,,,,,32.5876435,-92.87080850000001
"SUMMITT'S CIRCUITS, INC.","2319 HWY 270 E, MT IDA, AR 71957","MT IDA, ",Arkansas,Montgomery,71957,Generac,Yes,Yes,No,www.smithsgenerators.com,870-867-3834,,,,,34.5356213,-93.5798353
GENE'S ELECTRICAL SERVICE LLC,"524 N VANBUREN WEINER, AR 72479",WEINER,Arkansas,Poinsett,72479,Generac,Yes,Yes,Yes,,870-930-5351,,,,,35.6244739,-90.89563729999999
"AUTOMATIC POWER SOLUTIONS, LLC","6501 1/2 HWY 271 SOUTH FORT SMITH, AR 72908",FORT SMITH,Arkansas,Sebastian,72908,Generac,Yes,Yes,Yes,Website: www.automaticpowersolutions.com,479-459-3232,,,,,35.320856,-94.423357
"""FIVE """"J"""" ELECTRIC INC""","2211 Highway 71 North Mena, AR 71953",Mena,Arkansas,Polk,71953,Generac,Yes,No,No,,479-394-3419,,,,,34.5675323,-94.2572509
LAARK ENTERPRISES INC.,"3357 HWY 71 NORTH MENA, AR 71953",Mena,Arkansas,Polk,71953,Generac,Yes,No,No,,479-394-6648,,,,,34.6425709,-94.20332499999999
JONES ELECTRIC & POULTRY SUPPLY INC,"78 EAST 1ST STREET WALDRON, AR 72958",WALDRON,Arkansas,Scott,72958,Generac,Yes,No,No,,479-637-8833,,,,,34.9011617,-94.09025070000001
B & A ELECTRIC INC.,"504 XAVIER ST. FORT SMITH, AR 72902",FORT SMITH,Arkansas,Sebastian,72902,Generac,No,Yes,No,,479-452-9369,,,,,35.3294836,-94.4288017
HALLER MOTORWORX,"6261 E. STATE HWY 10 MAGAZINE, AR 72943",MAGAZINE,Arkansas,Logan,72943,Generac,No,Yes,No,,479-969-6464,,,,,35.1516336,-93.820449
MATLOCK ELECTRIC CO INC,"3324 VICKSBURG ST, FORT SMITH, AR 72903",Fort Smith,Arkansas,Sebastian,72903,Generac,Yes,Yes,Yes,www.matlock-electric.com,479-783-7777,,,,,35.3319329,-94.3973946
"TED'S A/C, REFRIG, HEATING, INC.","2215 BLUFF AVE FORT SMITH, AR 72901",Fort Smith,Arkansas,Sebastian,72901,Generac,Yes,Yes,-,www.tedsheatandair.com,479-783-7857,,,,,35.362173,-94.4139299
George McIntosh Service.Com,"4185 Trace Ridge Rd, Leslie, AR 72645",Leslie,Arkansas,Searcy,72645,Generac,Yes,Yes,Yes,www.generatorgeorge.net,870-447-2559,,,,,35.77745,-92.5881699
PSG HEATING & AIR LLC,"1061 DABNEY RD, JERUSALEM, AR 72080",JERUSALEM,Arkansas,Conway,72080,Generac,-,Yes,Yes,-,501-757-0227,,,,,35.6421324,-92.7757642
TRIANGLE ELECTRIC,"4002 CLOUD MT RD, HECTOR, AR 72843",Russellville,Arkansas,Pope,72843,Generac,Yes,-,-,-,479-886-9523,,,,,35.42583,-93.01752599999999
BP SERVICES LLC,"477 CR 3539, CLARKSVILLE, AR 72830",CLARKSVILLE,Arkansas,Johnson,72830,Generac,Yes,-,-,-,479-214-7329,,,,,35.4733126,-93.5358957
WTECH/E.M.C.,"8335 Hwy 49N, BROOKLAND, AR 72417",BROOKLAND,Arkansas,Craighead,72417,Generac,Yes,Yes,Yes,-,870-680-2852,,,,,35.900073,-90.58205339999999
REDGIE JETTON ELECTRICAL INC,"5400 Finch Road, PARAGOULD, AR 72451",PARAGOULD,Arkansas,Greene,72451,Generac,Yes,Yes,Yes,www.jettonredgie.com,870-476-3558,,,,,36.026318,-90.557411
ARK-MO WELL DRILLING & SERVICE CO.,"14905 JOSEPHINE ST, KENNETT, MO 63857",KENNETT,Arkansas,Dunklin,63857,Generac,Yes,Yes,-,-,573-888-1465,,,,,36.2048533,-90.0797867
ABC HEAT & AIR,"907 CONGRESS CIRCLE, JONESBORO, AR 72401",Jonesboro,Arkansas,Craighead,72401,Generac,Yes,-,-,www.abcheatandair.com,870-203-9854,,,,,35.8402286,-90.7362335
H&M Gas Company,"123 Utica StEdwards, MS 39066",Edwards,Mississippi,Hinds,39066,Kohler,Yes,Yes,No,,601-852-4863,,,,,32.32921,-90.604603
V-Electric Inc.,"115 Catlett Road Building 13Madison, MS 39110",Madison,Mississippi,Madison,39110,Kohler,Yes,Yes,Yes,,601-750-4903,,,,,32.5186198,-90.1330624
Advanced Electric Service Inc.,"212 Culley DriveJackson, MS 39206",Jackson,Mississippi,Hinds,39206,Kohler,Yes,Yes,No,,601-321-8586,,,,,32.3779657,-90.160704
Allied Industrial Services,"980 Burnham RdBrandon, MS 39042",Brandon,Mississippi,Rankin,39042,Kohler,Yes,Yes,No,,601-824-6000,,,,,32.3194057,-90.03318180000001
Southern Electric Works Inc.,"1557 Highway 51 NorthBrookhaven, MS 39601",Brookhaven,Mississippi,Lincoln,39601,Kohler,Yes,Yes,Yes,,601-833-8323,,,,,31.615938,-90.4434273
Yoder Electric LLC,"16 Old Highway 98EColumbia, MS 39429",Columbia,Mississippi,Marion,39429,Kohler,Yes,Yes,No,,601-441-1435,,,,,31.250073,-89.7994403
American Air Specialists of MS Inc,"199 Sullivan Kilrain RdHattiesburg, MS 39402",Hattiesburg,Mississippi,Forrest,39402,Kohler,Yes,Yes,No,,601-583-2575,,,,,31.2552431,-89.3386477
Garner Electric Inc.,"17 Westley DrivePetal, MS 39465",Petal,Mississippi,Forrest,39465,Kohler,Yes,Yes,No,,601-543-4649,,,,,31.23385189999999,-89.1150576
4D Solutions,"211 S Front StEllisville, MS 39437",Ellisville,Mississippi,Jones,39437,Kohler,Yes,Yes,No,,601-319-9888,,,,,31.60304309999999,-89.19775899999999
Kennedy Engine Company inc.,"980 Motsie RoadBiloxi, MS 39532",Biloxi,Mississippi,Harrison,39532,Kohler,Yes,Yes,No,,228-392-2200,Aghcontractors@hotmail.com,,,,30.4464053,-88.9269434
Curry Power Solutions LLC,"7296 Camellia CourtPass Christian, MS 39571",Pass Christian,Mississippi,Harrison,39571,Kohler,Yes,Yes,No,,228-731-5611,,,,,30.3933765,-89.2677363
MidSouth Generators,"1734 Wildcat Bottom RoadRed Banks, MS 38661",Red Banks,Arkansas,Marshall,38661,Kohler,Yes,Yes,Yes,https://midsouthgenerators.kohlergeneratordealer.com/,662-851-7947,,,,,34.885428,-89.534214
Bulldog Electric Inc.,"1121 Bergland StreetWater Valley, MS 38965",Water Valley,Mississippi,Yalobusha,38965,Kohler,Yes,Yes,Yes,,662-801-5250,,,,,34.1612269,-89.6313618
Robinson Electric Company Inc.,"825 North Chrisman AvenueCleveland, MS 38732",Cleveland,Mississippi,Bolivar,38732,Kohler,Yes,Yes,No,,662-843-3978,service@zydecoelectric.com,,,,33.7585927,-90.7189848
RW Electric,"3100 E 19th StTexarkana, AR 71854",Texarkana,Arkansas,Miller,71854,Kohler,Yes,Yes,Yes,,870-773-0033,,,,,33.4402096,-94.0097717
H&K Electric,"720 Tennessee AcresTexarkana, AR 71854",Texarkana,Arkansas,Miller,71854,Kohler,Yes,Yes,Yes,,903-278-8980,,,,,33.4123819,-93.9456807
I-K Electric Company,"214 Dr. Martin Luther King Jr. DriveLittle Rock, AR 72201",Little Rock,Arkansas,Pulaski,72201,Kohler,Yes,Yes,Yes,,501-404-4200,,,,,34.7469207,-92.2895443
Gary Houston Electric Company Inc.,"1922 West 3rd StreetLittle Rock, AR 72205",Little Rock,Arkansas,Pulaski,72205,Kohler,Yes,Yes,No,,501-375-8330,,,,,34.7490928,-92.2939526
Staley Inc.,"3400 J.E. Davis DriveLittle Rock, AR 72209",Little Rock,Arkansas,Pulaski,72209,Kohler,Yes,Yes,No,,501-978-3807,,,,,34.67484719999999,-92.3161075
Generated Energy Solutions LLC,"212 McClanahan DriveBryant, AR 72022",Bryant,Arkansas,Saline,72022,Kohler,Yes,Yes,No,,501-326-6400,delta7094@aol.com,,,,34.6190061,-92.4955841
Quality Electric Company Inc.,"1012 Nick Springs RoadEl Dorado, AR 71730",El Dorado,Arkansas,Union,71730,Kohler,Yes,Yes,No,,870-862-9958,,,,,33.1984101,-92.5753091
McGrew Service Company,"507 Hobson AveHot Springs, AR 71913",Hot Springs,Arkansas,Garland,71913,Kohler,Yes,Yes,No,,866-462-4739,,,,,34.4978179,-93.06423269999999
Grisham AireCare,"209 Buena Vista RoadHot Springs, AR 71913",Hot Springs,Arkansas,Garland,71913,Kohler,Yes,Yes,Yes,,501-525-2665,,,,,34.4567824,-93.05820680000001
Aleshire Electric Inc.,"1003 Mena StreetMena, AR 71953",Mena,Arkansas,Polk,71953,Kohler,Yes,Yes,No,,479-243-2053,,,,,34.5810685,-94.2342166
Griffin Electric Heat & Air Inc.,"2605 South Knoxville AvenueRusselville, AR 72802",Russelville,Arkansas,Pope,72802,Kohler,Yes,Yes,No,,479-968-8555,,,,,35.2549886,-93.12111440000001
Sound Concepts Electrical Inc.,"2924 Longview Dr, Suite AJonesboro, AR 72401",Jonesboro,Arkansas,Craighead,72401,Kohler,Yes,Yes,Yes,,870-268-8178,sales@tsgcom.com,,,,35.8080439,-90.6896855
Wilkins Electric LLC,"310 E KingshighwayParagould, AR 72450",Paragould,Arkansas,Greene,72450,Kohler,Yes,Yes,Yes,,870-239-5009,,,,,36.0524912,-90.48932429999999
Crawford Electric,"301 A Industrial RoadMountain View, AR 72560",Mountain View,Arkansas,Stone,72560,Kohler,Yes,Yes,No,https://crawfordelectric.kohlergeneratordealer.com/,870-269-4444,,,,,35.8628112,-92.1483458
STORM GUARDIAN GENERATORS LP,"4501 Dixie Farm Rd, Pearland, TX 77581",Pearland,Texas ,Brazoria,77581,Generac,Yes,Yes,Yes,http://www.stormgg.com/,281-648-2177,,,,,29.5217823,-95.2586089
GENERATOR INDUSTRIES LLC,"1118 N. Main St. #1F, Pearland, TX 77581",Pearland,Texas ,Brazoria,77581,Generac,Yes,Yes,Yes,,281-997-9110,,,,,29.5936314,-95.2872831
WEEKS SERVICE CO,"1306 Highway 3 S, League City, TX 77573",League City,Texas ,Galveston,77573,Generac,Yes,Yes,Yes,http://www.weeks-service.com/,281-332-9555,,,,,29.495695,-95.0830105
"TURNKEY ELECTRIC, INC.","360 BRAZOSPORT BLVD SOUTH, CLUTE, TX 77531",CLUTE,Texas ,Brazoria,77531,Generac,Yes,Yes,Yes,,979-265-0600,,,,,29.0215087,-95.3955503
WILLIAM DIESEL INC,"615 W. SECOND ST, FREEPORT, TX 77542",FREEPORT,Texas ,Brazoria,77542,Generac,Yes,Yes,No,,979-236-3423,,,,,28.9521089,-95.353702
"COASTAL POWER PRODUCTS, LLC","1321 CR 47, ANGLETON, TX 77515",ANGLETON,Texas ,Brazoria,77515,Generac,Yes,Yes,No,www.coastalpowerproducts.com.,979-583-7010,,,,,29.277039,-95.365459
ASPIRE SALES & ELECTRICAL SERV. LLC,"13000 MURPHY ROAD, STAFFORD, TX 77477",STAFFORD,Texas ,Fort Bend,77477,Generac,Yes,Yes,Yes,www.aspiresales.net,281-242-2471,,,,,29.6345473,-95.565953
CLINTON ELECTRIC,"1, League City, TX 77574",League City,Texas ,Galveston,77574,Generac,Yes,Yes,No,leaguecityelectricians.com,281-332-7209,,,,,29.5111805,-95.09154509999999
GENERATOR SERVICE CENTER,"24200 SW FREEWAY SUITE 402-180, ROSENBERG, TX 77471",ROSENBERG,Texas ,Fort Bend,77471,Generac,Yes,Yes,No,,281-359-1204,,,,,29.5452636,-95.7525701
HARTMANN A/C & HEAT LLC,"402 S BRAZOSPORT BLVD, CLUTE, TX 77531",CLUTE,Texas ,Brazoria,77531,Generac,Yes,No,No,www.hartmannacandheat.com,979-299-9228,,,,,29.0209544,-95.39524349999999
KELM HOME SERVICES LLC,"4118 JACKSON STREET, SANTA FE, TX 77517",SANTA FE,Texas ,Galveston,77517,Generac,Yes,No,No,,409-316-9834,,,,,29.38378029999999,-95.12042729999999
COMPLETE ELECTRICAL SOLUTIONS LLC,"10015 DAWN BROOK DRIVE, PEARLAND, TX 77584",PEARLAND,Texas ,Brazoria,77584,Generac,Yes,No,No,,713-858-4159,,,,,29.57041749999999,-95.37495969999999
VINCO ELECTRIC INC.,"3410 SWENSON, PEARLAND, TX 77581",PEARLAND,Texas ,Brazoria,77581,Generac,Yes,No,No,,281-485-1191,,,,,29.552196,-95.2777905
SURMAN ELECTRIC INC,"305 HOUSTON AVE, LEAGUE CITY, TX 77573",LEAGUE CITY,Texas ,Galveston,77573,Generac,Yes,No,No,,281-316-0239,,,,,29.5094848,-95.0953172
DOCTOR COOL & PROFESSOR HEAT INC.,"307 EAST WALKER, LEAGUE CITY, TX 77573",LEAGUE CITY,Texas ,Galveston,77573,Generac,Yes,No,No,www.doctorcool.com,281-338-8751,,,,,29.5062941,-95.0895195
ELECTRICAL SERVICES R UNLIMITED LLC,"2900 CAROLINA AVENUE, LEAGUE CITY, TX 77573",LEAGUE CITY,Texas ,Galveston,77573,Generac,Yes,No,No,www.servicesrunlimited.com,281-337-1101,,,,,29.4826153,-95.07021429999999
ANTHONY VEASEY,"1607 SUMMER RAIN DR, SUGAR LAND, TX 77479",SUGAR LAND,Texas ,Fort Bend,77479,Generac,Yes,No,No,,713-574-1063,,,,,29.5541425,-95.66397479999999
RAVE ELECTRICAL SERVICE LLC,"4205 24TH STREET, DICKINSON, TX 77539",DICKINSON,Texas ,Galveston,77539,Generac,Yes,No,No,www.raveelectric.com,832-738-1356,,,,,29.4861519,-95.0485191
CLARK ELECTRICAL SERVICES INC,"PO BOX 303, DICKINSON, TX 77539",DICKINSON,Texas ,Galveston,77539,Generac,Yes,No,No,www.clarkelectricalservicesinc.com,281-337-4892,,,,,29.4508748,-95.0286488
TRADITION ROOFING LLC,"4102 FM 723 ROAD SUITE A, ROSENBERG, TX 77471",ROSENBERG,Texas ,Fort Bend,77471,Generac,Yes,No,No,,281-782-4636,,,,,29.605279,-95.74989300000001
DOUG ROGERS,"2510 CHURCH ST. #4, GALVESTON, TX 77550",GALVESTON,Texas ,Galveston,77550,Generac,Yes,No,No,,409-744-9412,,,,,29.3030187,-94.796076
COALWOOD ELECTRIC LLP,"5727 HOGUE STREET, HOUSTON, TX 77087",HOUSTON,Texas ,Harris,77087,Generac,Yes,No,No,,713-683-9991,,,,,29.6814496,-95.31551929999999
TRUE TRACK TECHNOLOGIES LLC,"3130 STRAWBERRY ROAD, STE F, PASADENA, TX 77504",PASADENA,Texas ,Harris,77504,Generac,Yes,No,No,www.truetracktechnologies.com,281-545-0154,,,,,29.6638885,-95.1935213
FERGUSON'S LIGHTING & ELECTRICAL,"8301 DETROIT STREET, HOUSTON, TX 77017",HOUSTON,Texas ,Harris,77017,Generac,Yes,No,No,,713-870-9030,,,,,29.6960729,-95.27189249999999
ALI AHLY,"5607 FORNEY DRIVE, HOUSTON, TX 77036",HOUSTON,Texas ,Harris,77036,Generac,Yes,No,No,,713-334-3337,,,,,29.7217125,-95.50219849999999
INTELLI GREEN SOLUTIONS LLC,"5200 CEDAR ST, BELLAIRE, TX 77401",BELLAIRE,Texas ,Harris,77401,Generac,Yes,No,No,,817-706-9598,,,,,29.7071883,-95.4705316
ROLLTEX SHUTTERS LLC,"3004 BEVERLY ROAD, PASADENA, TX 77503",PASADENA,Texas ,Harris,77503,Generac,Yes,No,No,,281-991-9200,,,,,29.6671803,-95.14837879999999
GREEN POWER 4 TEXAS,"PO BOX 980487, HOUSTON, TX 77098",HOUSTON,Texas ,Harris,77098,Generac,Yes,No,No,www.greenpower4texas.com,281-451-3841,,,,,29.7333171,-95.417519
SOUTHERN FACILITY SERVICES &,"614 TODD STREET, EAST BERNARD, TX 77435",EAST BERNARD,Texas ,Wharton,77435,Generac,Yes,No,No,,713-545-3707,,,,,29.5219527,-96.0624666
BAY CITY ELECTRIC & A/C,"1710 Nichols Ave, Bay City, TX 77414",Bay City,Texas ,Matagorda,77414,Generac,No,Yes,No,www.baycityelectric.net,979-245-8225,,,,,28.9870177,-95.9538108
WPI-Houston,"12320 S Main St, Houston, TX 77035",Houston,Texas ,Harris,77035,Generac,Yes,Yes,No,www.wpi.com,713-551-0546,,,,,29.649799,-95.462353
"WENDT ELECTRICAL SERVICES, INC.","9655 US HIGHWAY 87 NORTH, VICTORIA, TX 77904",VICTORIA,Texas ,Victoria,77904,Generac,Yes,Yes,Yes,www.wendtgenerators.com,361-573-7344,,,,,28.874265,-97.063931
HOWDY SERVICES,"PO BOX 664, GANADO, TX 77962",GANADO,Texas ,Jackson,77962,Generac,Yes,Yes,No,www.howdyservices.com,361-484-6007,,,,,29.0382375,-96.515986
STARBRITE GENERATOR AND CONTROL SRV,"1150 Kloecker Rd, Sealy, TX 77474",Sealy,Texas ,Austin,77474,Generac,Yes,Yes,Yes,www.starbriteelectric.com,979-885-6232,,,,,29.7648738,-96.1747018
REM ELECTRIC,"5516 HILLBOLDT ROAD, SEALY, TX 77474",SEALY,Texas ,Austin,77474,Generac,Yes,Yes,Yes,,979-627-3223,,,,,29.787877,-96.233183
HAYES ELECTRIC,"814 WEST MAIN, PORT LAVACA, TX 77979",PORT LAVACA,Texas ,Calhoun,77979,Generac,Yes,Yes,Yes,,361-552-9538,,,,,28.6109205,-96.631512
HOBO ELECTRIC LLC,"1315 SOUTH MECHANIC, EL CAMPO, TX 77437",EL CAMPO,Texas ,Wharton,77437,Generac,Yes,No,No,,979-541-3799,,,,,29.1819437,-96.260227
JERRY KOEHN,"312 CR 315, LOUISE, TX 77455",LOUISE,Texas ,Wharton,77455,Generac,Yes,No,No,,979-616-0806,,,,,29.1262265,-96.37158869999999
"JACKSON ELECTRIC COOPERATIVE, INC","8925 STATE HIGHWAY 111S, GANADO, TX 77962",GANADO,Texas ,Jackson,77962,Generac,Yes,No,No,www.jecec.com,361-771-4426,,,,,28.9510546,-96.4923584
"COASTAL BEND POWER SERVICES, LLC","2735 FM 234 N, EDNA, TX 77957",EDNA,Texas ,Jackson,77957,Generac,Yes,No,No,,361-935-7077,,,,,28.9501231,-96.76478469999999
ATI ADVANTAGE LLC,"39397 FM 529 ROAD, BROOKSHIRE, TX 77423",BROOKSHIRE,Texas ,Waller,77423,Generac,Yes,Yes,No,www.airetechnics.com,979-826-9770,,,,,29.91504479999999,-96.0444333
GULF COAST GENERATORS,"1412 Ashley St, Beaumont, TX 77701",Beaumont,Texas ,Jefferson,77701,Generac,Yes,Yes,Yes,gulfcoastgenerators.com,409-840-9292,,,,,30.09225829999999,-94.1098542
"A&A Electric Company Of Beaumont, I","6250 Walden Road, Beaumont, TX 77707",Beaumont,Texas ,Jefferson,77707,Generac,Yes,Yes,Yes,www.aaelectricbmt.com,409-842-4437,,,,,30.0392626,-94.1638141
GENSET ENTERPRISES LLC,"3708 Highway 27 S, Sulphur, TX 70665",Sulphur,Texas ,Calcasieu,70665,Generac,Yes,Yes,Yes,www.gensetla.com,337-583-2184,,,,,30.3214955,-93.3689672
NSECI,"1, DAISETTA, TX 77533",DAISETTA,Texas ,Liberty,77533,Generac,Yes,Yes,Yes,,936-334-1113,,,,,30.1132688,-94.64297499999999
AMERICAN AIR SYSTEMS INC.,"1050 S 23RD ST, Beaumont, TX 77707",Beaumont,Texas ,Jefferson,77707,Generac,Yes,Yes,Yes,www.generatorsbeaumont.com,409-842-2402,,,,,30.0667576,-94.1434994
MATTHEW FARACI,"PO BOX 12580, Beaumont, TX 77706",Beaumont,Texas ,Jefferson,77706,Generac,Yes,Yes,No,,409-790-3338,,,,,30.080174,-94.1265562
ALL PRO ELECTRICAL CONTRACTORS INC,"786 KNUPPLE ROAD, SILSBEE, TX 77656",SILSBEE,Texas ,Hardin,77656,Generac,Yes,Yes,Yes,,409-385-6492,,,,,30.3324,-94.17147419999999
DUCOTE AIR HEAT & ELECTRIC INC.,"319 EAST NAPOLEON ST, Sulphur, TX 70663",Sulphur,Texas ,Calcasieu,70663,Generac,Yes,Yes,Yes,,337-527-5599,,,,,30.2364339,-93.3745191
DAYTON ELECTRIC CO LLC,"3053 FM 1960, DAYTON, TX 77535",DAYTON,Texas,Liberty,77535,Generac,Yes,Yes,No,www.daytonelectricco.com,936-258-2502,,,,,30.0458744,-94.91915039999999
WALKERS ELECTRIC COMPANY,"1520 PARK ST., Beaumont, TX 77701",Beaumont,Texas,Jefferson,77701,Generac,Yes,No,No,,409-212-9244,,,,,30.0727129,-94.09418509999999
ELECTRICAL SPECIALTIES INC,"1550 LANGHAM RD, Beaumont, TX 77707",Beaumont,Texas,Jefferson,77707,Generac,Yes,No,No,,409-860-5211,,,,,30.0596569,-94.165814
GREGORY T. JOHNSON SR.,"PO BOX 22735, Beaumont, TX 77720",Beaumont,Texas,Jefferson,77720,Generac,Yes,No,No,,409-893-2453,,,,,30.080174,-94.1265562
IMANI QUALITY CONCEPTS LLC,"3115 WASHINGTON BLVD, Beaumont, TX 77705",Beaumont,Texas,Jefferson,77705,Generac,Yes,No,No,www.imaniqualityconcepts.com,409-658-8766,,,,,30.0554227,-94.1205749
SAVANT ELECTRIC COMPANY,"17903 HWY 124, Beaumont, TX 77705",Beaumont,Texas,Jefferson,77705,Generac,Yes,No,No,,409-790-2052,,,,,29.9155456,-94.25683010000002
"FALLOWS INTERNATIONAL, LLC","2950 TURTLE CREEK DRIVE, FORT ARTHUR, TX 77642",FORT ARTHUR,Texas,Jefferson,77642,Generac,Yes,No,No,,409-729-2401,,,,,29.9424163,-93.98646749999999
ABSOLUT AIR,"5102 SESSUMS RD, SILSBEE, TX 77656",SILSBEE,Texas,Hardin,77656,Generac,Yes,No,No,,409-386-6511,,,,,30.4327968,-94.18288
SELVAN WIGLEY,"267 COUNTY RD 130, LIBERTY, TX 77575",LIBERTY,Texas,Liberty,77575,Generac,Yes,No,No,,936-346-1351,,,,,29.9317243,-94.7080515
DOUG WILLIFORD & SON,"727 N Fletcher St, Jasper, TX 75951",Jasper,Texas,Jasper,75951,Generac,Yes,Yes,Yes,dougwillifordandson.com,409-384-5458,,,,,30.9267434,-93.9959057
SONFLOWER SERVICES LLC,"301 HAWTHRONE, HEMPHILL, TX 75948",HEMPHILL,Texas,Sabine,75948,Generac,Yes,Yes,Yes,,409-625-3741,,,,,31.421754,-93.7745848
ANDERSONS A C & HEATING,"1575 WORTH ST, HEMPHILL, TX 75948",HEMPHILL,Texas,Sabine,75948,Generac,No,Yes,No,,409-787-2868,,,,,31.34090909999999,-93.86109049999999
HESTERS ELECTRIC,"788 Virgil Sims Rd, Deridder, LA 70634",Deridder,Louisiana,Beauregard,70634,Generac,Yes,Yes,No,,337-463-7577,,,,,30.8426993,-93.1849034
D&W GENERATOR SERVICE,"8147 S. FM 95, CHIRENO, TX 75937",CHIRENO,Texas,Nacogdoches,75937,Generac,Yes,Yes,No,,936-854-2537,,,,,31.3964009,-94.339046
"WALTERS SHEET METAL, LLC","15824 NOLEN TRACE, LEESVILLE, LA 71496",LEESVILLE,Louisiana,Vernon,71496,Generac,Yes,Yes,No,,337-239-4579,,,,,31.1556505,-93.3321994
SAICAM CORPORATION INC,"6370 US HWY 59 N, LUFKIN, TX 75901",LUFKIN,Texas,Angelina,75901,Generac,Yes,Yes,No,www.saicamelectric.com,936-634-2852,,,,,31.4244975,-94.724659
STULTS ELECTRICAL INC,"335 CR 274, Jasper, TX 75951",Jasper,Texas,Jasper,75951,Generac,Yes,No,No,,409-698-6466,,,,,30.9423318,-93.9459328
ELTON GOODWIN,"225 CR 260, SAN AUGUSTINE, TX 75972",SAN AUGUSTINE,Texas,San Augustine,75972,Generac,Yes,No,No,,936-275-8249,,,,,31.4948454,-94.29183689999999
T & T ELECTRIC,"15377 FM 777, Jasper, TX 75951",Jasper,Texas,Jasper,75951,Generac,No,Yes,No,,409-383-4455,,,,,30.9189164,-94.06914979999999
Dave's Electrical & AC,"166 Dewaine Rd, Deridder, LA 70634",Deridder,Louisiana,Beauregard,70634,Generac,No,Yes,No,,337-396-9575,,,,,30.8426702,-93.18638109999999
GENERATOR SUPERCENTER OF LUFKIN,"1601 W FRANK AVE, LUFKIN, TX 75904",LUFKIN,Texas,Angelina,75904,Generac,Yes,Yes,No,www.generatorsupercenter.com,936-899-7447,,,,,31.3340647,-94.751161
PEACHSTONE CORPORATION,"1309 PERRY STREET, CLEVELAND, TX 77327",CLEVELAND,Texas,Liberty,77327,Generac,Yes,Yes,Yes,www.peachstone.com,832-599-7566,,,,,30.332439,-95.076403
ANDRIES CONSTRUCTION LLC,"470 BOAT LAUNCH RD, POINTBLANK, TX 77364",POINTBLANK,Texas,San Jacinto,77364,Generac,Yes,Yes,No,,936-328-6407,,,,,30.7453714,-95.212689
LONE STAR OUTDOOR POWER EQUIPMENT,"13505 HWY 190 WEST, ONALASKA, TX 77360",ONALASKA,Texas,Polk,77360,Generac,Yes,No,No,,936-646-4028,,,,,30.8144377,-95.1000169
GRASTEN POWER TECHNOLOGIES,"32111 TAMINA RD. SUITE A, MAGNOLIA, TX 77354",MAGNOLIA,Texas,Montgomery,77354,Generac,Yes,Yes,Yes,www.grastengenerators.com,832-381-2888,,,,,30.2097192,-95.57653049999999
CGC GENERATORS,"2005 Fm 1960 Bypass Rd E, Humble, TX 77338",Humble,Texas,Harris,77338,Generac,Yes,Yes,Yes,www.cgcgenerators.com,281-446-1597,,,,,30.0009357,-95.245419
GENERATOR EXCHANGE LLC,"2024 RAYFORD RD, SPRING, TX 77386",SPRING,Texas,Montgomery,77386,Generac,Yes,Yes,No,,281-885-8000,,,,,30.1232424,-95.41142250000001
ARK GENERATOR SERVICES,"1925 Longmire Rd Ste 3, Conroe, TX 77304",Conroe,Texas,Montgomery,77304,Generac,Yes,Yes,Yes,,936-441-4275,,,,,30.337944,-95.50771999999999
"ALL AROUND ELECTRICAL SERVICE, LLC","104 NORTH ROBB STREET, TRINITY, TX 75862",TRINITY,Texas,Trinity,75862,Generac,Yes,Yes,Yes,,936-594-0621,,,,,30.9515371,-95.3753086
"WALKER COUNTY LP GAS, INC","1387 HWY 75 N, HUNTSVILLE, TX 77320",HUNTSVILLE,Texas,Walker,77320,Generac,Yes,Yes,No,,936-295-4091,,,,,30.7254421,-95.56149930000001
MCCARTY ELECTRIC CO.,"4004 C SAM HOUSTON AVENUE, HUNTSVILLE, TX 77340",HUNTSVILLE,Texas,Walker,77340,Generac,Yes,Yes,No,,936-291-1183,,,,,30.7017613,-95.5383312
CONROE WELDING SUPPLY INC,"415 SOUTH FRAZIER, Conroe, TX 77301",Conroe,Texas,Montgomery,77301,Generac,Yes,Yes,No,,936-539-3124,,,,,30.3030376,-95.45914719999999
J.D. WELCH ELECTRIC,"10958 FM 1484, CONROE, TX 77303",CONROE,Texas,Montgomery,77303,Generac,Yes,No,No,,936-537-8834,,,,,30.3888346,-95.4055206
"CHARLIE ""D"" ELECTRIC","5826 FM 1374, HUNTSVILLE, TX 77340",HUNTSVILLE,Texas,Walker,77340,Generac,Yes,No,No,,936-291-6682,,,,,30.7235263,-95.55077709999999
RIKMAN INSTALLATIONS,"13200 Bridgeview Lane, Montgomery, TX 77356",Montgomery,Texas,Montgomery,77356,Generac,Yes,No,Yes,www.rikmanservices.com,936-242-7344,,,,,30.43800969999999,-95.6133115
PRO TECH ELECTRIC,"PO BOX 6157, KINGWOOD, TX 77325",KINGWOOD,Texas,Harris,77325,Generac,Yes,No,No,,281-732-9219,,,,,30.07,-95.22
ENERGY ONE,"1790 HUGHES LANDING BOULEVARD STE 400, THE WOODLANDS, TX 77380",THE WOODLANDS,Texas,Montgomery,77380,Generac,Yes,No,No,www.energyonesolar.com,800-816-4453,,,,,30.1729394,-95.46999919999999
ALL THINGS ELECTRIC LLC,"18434 BUDDY RILEY BLVD. SUITE 1, MAGNOLIA, TX 77354",MAGNOLIA,Texas,Montgomery,77354,Generac,Yes,Yes,No,,832-257-7577,,,,,30.2104386,-95.750204
NEW VISION ELECTRIC LLC,"30308 HIGHLAND BLVD, MAGNOLIA, TX 77354",MAGNOLIA,Texas,Montgomery,77354,Generac,Yes,No,No,,713-370-9432,,,,,30.1998494,-95.627929
JAMES KING,"12640 FM 2025 RD, CLEVELAND, TX 77328",CLEVELAND,Texas,Liberty,77328,Generac,No,Yes,No,,409-519-1223,,,,,30.3936295,-95.10327509999999
MCCAFFETY ELECTRIC CO. INC.,"1, HUNTSVILLE, TX 77340",HUNTSVILLE,Texas,Walker,77340,Generac,No,Yes,No,,936-295-2831,,,,,30.70494859999999,-95.5435888
TLC ELECTRICAL SERVICES,"1621 HAZELWOOD ST. UNIT A, CONROE, TX 77301",CONROE,Texas,Montgomery,77301,Generac,No,Yes,Yes,,936-890-6252,,,,,30.309057,-95.430268
LOMAX ELECTRIC,"1, CONROE, TX 77305",CONROE,Texas,Montgomery,77305,Generac,No,Yes,No,,936-718-6446,,,,,30.3136432,-95.4506411
3 PHASE ELECTRICAL SERVICES,"17280 WEST LAKE HOUSTON PARKWAY, Humble, TX 77346",Humble,Texas,Harris,77346,Generac,No,Yes,No,www.3phaseelectricalservices.com,832-995-5597,,,,,29.973471,-95.17086409999999
J. PAUL CRAIG ELECTRIC & RENTAL PRO,"626 COUNTY ROAD 200, NACOGDOCHES, TX 75965",NACOGDOCHES,Texas,Nacogdoches,75965,Generac,Yes,Yes,Yes,www.pandlgenerators.com,936-554-5012,,,,,31.690083,-94.61157610000001
"WHITE ELECTRIC, INC","1106 S.E. Stallings, NACOGDOCHES, TX 75964",NACOGDOCHES,Texas,Nacogdoches,75964,Generac,Yes,Yes,No,,936-564-5180,,,,,31.5749596,-94.6595258
TATE ELECTRIC,"356 CR 4849, TIMPSON, TX 75975",TIMPSON,Texas,Shelby,75975,Generac,Yes,No,No,,936-552-6274,,,,,31.9355979,-94.4303582
Nacogdoches Sheet Metal And Plumbin,"3804 NW Stallings Dr # D, NACOGDOCHES, TX 75964",NACOGDOCHES,Texas,Nacogdoches,75964,Generac,No,Yes,No,,936-564-5276,,,,,31.63665829999999,-94.6835038
EAST TEXAS POULTRY SUPPLY,"1592 SOUTHVIEW CIRCLE, CENTER, TX 75935",CENTER,Texas,Shelby,75935,Generac,No,Yes,No,easttexaspoultrysupply.com,936-598-2445,,,,,31.7728823,-94.1831708
LYONS BUTANE GAS CO,"147 W SAN ANTONIO, ALTO, TX 75925",ALTO,Texas,Cherokee,75925,Generac,Yes,No,No,,936-858-4567,,,,,31.6501269,-95.0734445
"GENERATOR SUPERCENTER, LP","23123 TOMBALL PARKWAY, TOMBALL, TX 77375",TOMBALL,Texas,Harris,77375,Generac,Yes,Yes,Yes,www.generatorsupercenter.com,281-251-6100,,,,,30.0332586,-95.603145
GENERATORS OF HOUSTON,"6106 MILWEE STREET, HOUSTON, TX 77092",HOUSTON,Texas,Harris,77092,Generac,Yes,Yes,Yes,,713-812-7285,,,,,29.8229592,-95.478928
GENERATORS BY WIRED,"2313 BAUER DR., HOUSTON, TX 77080",HOUSTON,Texas,Harris,77080,Generac,Yes,Yes,Yes,www.generatorsbywired.com,713-467-1125,,,,,29.81472419999999,-95.5219939
RELIANT,"1050 N POST OAK RD SUITE 240, HOUSTON, TX 77055",HOUSTON,Texas,Harris,77055,Generac,Yes,Yes,Yes,www.realiant.com/services,855-457-5700,,,,,29.78608729999999,-95.4558715
QUALITY GENERATORS LLC,"11055 NEESHAW, HOUSTON, TX 77065",HOUSTON,Texas,Harris,77065,Generac,Yes,Yes,Yes,www.qualitygenerators.net,936-756-4971,,,,,29.9375472,-95.5862214
L & K INDUSTRIES LLC,"805 SUE STREET, HOUSTON, TX 77009",HOUSTON,Texas,Harris,77009,Generac,Yes,Yes,No,,713-501-7920,,,,,29.807406,-95.36052819999999
JMH SERVICES LLC,"2529 Bayou Rd, Baytown, TX 77520",Baytown,Texas,Harris,77520,Generac,Yes,Yes,No,,281-507-4854,,,,,29.7473224,-94.933044
GO GREEN ELECTRICAL SERVICES LLC,"5950 N SAM HOUSTON PKWY EAST #406, Humble, TX 77396",Humble,Texas,Harris,77396,Generac,Yes,Yes,No,www.gogelectrical.com,832-483-4931,,,,,29.9387996,-95.3000818
FACILITIES ELECTRIC,"12933 BRITTMOORE PARK DR, HOUSTON, TX 77041",HOUSTON,Texas,Harris,77041,Generac,Yes,Yes,No,www.facilitieselectric.com,713-647-6767,,,,,29.8560648,-95.58609829999999
POWER NOW LLC,"16203 LADINO RUN, Cypress, TX 77535",Cypress,Texas,Liberty,77535,Generac,Yes,Yes,No,www.powernowllc.com,832-448-0478,,,,,29.99155499999999,-95.67756
TEXAS ELITE GENERATORS INC,"PO BOX 240, HOCKLEY, TX 77447",HOCKLEY,Texas,Harris,77447,Generac,Yes,Yes,No,www.texaselitegenerators.com,832-773-8743,,,,,30.026861,-95.8458562
GENSOLUTIONS LLC,"14519 EAST FREEWAY, HOUSTON, TX 77015",HOUSTON,Texas,Harris,77015,Generac,Yes,No,No,www.gensolutionsllc.com,281-643-7000,,,,,29.7716351,-95.16451830000001
"INDUCON, INC.","1514 WEST MAIN, LAPORTE, TX 77571",LAPORTE,Texas,Harris,77571,Generac,Yes,No,No,www.induconinc.com,281-326-5400,,,,,29.6655801,-95.0346232
BAYOU CITY AIRE LLC,"627 WEST 19TH STE 202, HOUSTON, TX 77008",HOUSTON,Texas,Harris,77008,Generac,Yes,No,No,www.bayoucityac.com,713-444-3588,,,,,29.8029508,-95.40932079999999
"AARON-CARTER ELECTRIC, INC","1714 STRAWN RD, HOUSTON, TX 77039",HOUSTON,Texas,Harris,77039,Generac,Yes,No,No,aaroncarterelectric.com,713-962-2797,,,,,29.91638799999999,-95.36073069999999
GORDON GUY MILES,"1903 DECKER DR, Baytown, TX 77520",Baytown,Texas,Harris,77520,Generac,Yes,No,No,,281-427-4876,,,,,29.7405731,-94.982034
"ONSITE MAINTENANCE, INC","6614 MALIBU DRIVE, HOUSTON, TX 77092",HOUSTON,Texas,Harris,77092,Generac,Yes,No,No,,713-460-2152,,,,,29.83484959999999,-95.4894764
ABACUS PLUMBING A/C & ELECTRICAL,"15851 VICKERY DRIVE, HOUSTON, TX 77032",HOUSTON,Texas,Harris,77032,Generac,Yes,No,No,www.abacusplubming.net,713-812-7070,,,,,29.9490334,-95.3155601
GO ELECTRIC GENERATOR,"1814 NOGALUS DR, CROSBY, TX 77532",CROSBY,Texas,Harris,77532,Generac,Yes,No,Yes,www.84generator.com,832-865-9001,,,,,29.9945783,-95.1198574
HURRICANE EQUIPMENT & SERVICE INC,"9405 MONTRIDGE, HOUSTON, TX 77080",HOUSTON,Texas,Harris,77080,Generac,Yes,No,No,,713-702-0895,,,,,29.8079666,-95.5213586
PRINCIPAL ELECTRICAL CONTRACTORS,"4125 HOLLISTER ST SUITE T, HOUSTON, TX 77080",HOUSTON,Texas,Harris,77080,Generac,Yes,No,No,,713-895-9606,,,,,29.8312588,-95.51027160000001
F D & D LLC,"1801 SHERWOOD FOREST ST, HOUSTON, TX 77043",HOUSTON,Texas,Harris,77043,Generac,Yes,No,No,,281-579-3345,,,,,29.7993407,-95.5803535
Mr. Electric Of NW Houston,"13329 VETERANS MEMORIAL DR, HOUSTON, TX 77014",HOUSTON,Texas,Harris,77014,Generac,Yes,No,No,,281-919-2130,,,,,29.9805964,-95.49388069999999
STEPHEN GUILLORY,"1620 ENCLAVE PARKWAY, HOUSTON, TX 77077",HOUSTON,Texas,Harris,77077,Generac,Yes,No,No,,832-233-7394,,,,,29.7500547,-95.618909
PEACE OF MIND ELECTRICAL LLC,"6223 BILLINGTON, HOUSTON, TX 77084",HOUSTON,Texas,Harris,77084,Generac,Yes,No,Yes,,281-583-7233,,,,,29.8656636,-95.6375596
BLUELINE PROFESSIONAL SERVICES,"12515 FERN VALE CT., HOUSTON, TX 77065",HOUSTON,Texas,Harris,77065,Generac,Yes,No,No,,281-807-3401,,,,,29.9282945,-95.6069073
ECO GREEN SERVICES,"13326 VIA BAROLO, Cypress, TX 77429",Cypress,Texas,Harris,77429,Generac,Yes,No,Yes,,281-682-1511,,,,,29.9758584,-95.6134142
ECO-SMART POWER INC,"219 N Sycamore St, Tomball, TX 77375",Tomball,Texas,Harris,77375,Generac,Yes,No,No,,713-899-1135,,,,,30.099743,-95.61380419999999
A & A GENPRO INC.,"2870 GESSNER SUITE C14, HOUSTON, TX 77080",HOUSTON,Texas,Harris,77080,Generac,No,Yes,No,,713-830-3280,,,,,29.8242092,-95.54417439999999
DIKONIA ELECTRIC LLC.,"19103 INTERSTATE 45, SPRING, TX 77388",SPRING,Texas,Harris,77388,Generac,No,Yes,No,,281-646-8580,,,,,30.0441269,-95.4315554
COASTAL HVAC SUPPLY,"51 ESPLANADE BLVD, HOUSTON, TX 77060",HOUSTON,Texas,Harris,77060,Generac,Yes,No,No,www.coastalhvacsupply.com,281-445-3237,,,,,29.9350735,-95.4092029
ZENITH POWER SYSTEMS,"2831 US-290, BRENHAM, TX 77833",BRENHAM,Texas,Washington,77833,Generac,Yes,Yes,Yes,www.zenithgenerators.com,979-212-1929,,,,,30.166136,-96.438606
"TEXAS STAR PROPANE SERVICES, INC.","45664 FM 1774, PLANTERSVILLE, TX 77363",PLANTERSVILLE,Texas,Grimes,77363,Generac,Yes,Yes,Yes,www.texasstarpropane.com,281-259-2162,,,,,30.234787,-95.810419
W. DICKERSON COMPANY,"5395 TALL PINE ROAD, NAVASOTA, TX 77868",NAVASOTA,Texas,Grimes,77868,Generac,Yes,Yes,Yes,,936-727-0297,,,,,30.2924575,-95.920726
UNIVERSITY ELECTRICAL SERVICES,"8524 SHADY LN, BRYAN, TX 77808",BRYAN,Texas,Brazos,77808,Generac,Yes,No,No,,979-820-1044,,,,,30.7145847,-96.23566579999999
"BEVERS ELECTRICAL CONTRACTING, INC.","1813 S MARKET ST, BRENHAM, TX 77833",BRENHAM,Texas,Washington,77833,Generac,Yes,No,No,,979-830-1905,,,,,30.1526046,-96.3915574
ARDON MAINTENANCE,"1560 HWY 75 N, MADISONVILLE, TX 77864",MADISONVILLE,Texas,Madison,77864,Generac,Yes,Yes,Yes,www.ardonmaintenance.com,936-349-0455,,,,,30.9706451,-95.9169981
MCCOY ELECTRICAL SERVICES LLC,"100 MESQUITE ST, GIDDINGS, TX 78942",GIDDINGS,Texas,Lee,78942,Generac,Yes,No,No,,512-484-3270,,,,,30.1905278,-96.9292787
TEMPLETON ELECTRIC CO.,"214 WEST FOURTH STREET, HEARNE, TX 77859",HEARNE,Texas,Robertson,77859,Generac,Yes,No,No,www.templetonelectricco.com,979-279-6644,,,,,30.8811866,-96.5970888
DEPENDABLE GENERATORS,"PO BOX 623, NORMANGEE, TX 77871",NORMANGEE,Texas,Leon,77871,Generac,Yes,No,No,www.dependablegenerators.com,936-263-2703,,,,,31.028315,-96.11471499999999
"GENERATOR SUPERCENTER, INC","3223 SSW LOOP 323, TYLER, TX 75703",TYLER,Texas,Smith,75703,Generac,Yes,Yes,Yes,www.generatorsupercenter.com,866-516-7199,,,,,32.3106337,-95.34168679999999
BNK SERVICES,"2100 W MLK JR BlVD #5, TYLER, TX 75710",TYLER,Texas,Smith,75710,Generac,Yes,Yes,Yes,,903-597-9300,,,,,32.36838,-95.32471489999999
BURT ELECTRIC,"9763 CR 2285, TYLER, TX 75707",TYLER,Texas,Smith,75707,Generac,No,Yes,No,,903-592-1557,,,,,32.3356819,-95.25627039999999
EAST TEXAS EQUIPMENT SALES & SERV,"21933 FM 2493, Bullard, TX 75757",Bullard,Texas,Smith,75757,Generac,Yes,Yes,Yes,,903-894-8242,,,,,32.1604679,-95.3349259
ZION ELECTRIC LLC.,"9746 F.M. 607 NORTH., BROWNSBORO, TX 75756",BROWNSBORO,Texas,Henderson,75756,Generac,Yes,Yes,Yes,zionelectric.com,903-288-6486,,,,,32.2841886,-95.6380921
Electrical & Lift Services,"1, Big Sandy, TX 75755",Big Sandy,Texas,Upshur,75755,Generac,Yes,Yes,No,,903-520-0295,,,,,32.5765571,-95.1241617
PK POWER SYSTEMS,"3209 RESTVIEW STREET, LONGVIEW, TX 75605",LONGVIEW,Texas,Gregg,75605,Generac,Yes,Yes,No,,903-241-0583,,,,,32.5435095,-94.7807701
AGAPE ELECTRICAL SERVICES LLC,"170 VZ County Road 2923, Mabank, TX 75147",Mabank,Texas,Kaufman,75147,Generac,Yes,Yes,No,,214-449-7226,,,,,32.3974118,-95.9817262
PROTON ELECTRIC,"719 W FRONT ST SUITE 69, TYLER, TX 75702",TYLER,Texas,Smith,75702,Generac,Yes,No,No,,903-714-4485,,,,,32.3472498,-95.30837179999999
KNOX ENTERPRISES,", CHANDLER, TX 75758",CHANDLER,Texas,Henderson,75758,Generac,Yes,No,No,,903-521-9037,,,,,32.3079269,-95.479957
C & B ELECTRIC,"106560, HAWKINS, TX 75765",HAWKINS,Texas,Wood,75765,Generac,Yes,No,No,,903-571-4123,,,,,32.5835676,-95.2045917
WILLIS HOGG,"416 PINE ROAD, Big Sandy, TX 75755",Big Sandy,Texas,Upshur,75755,Generac,Yes,No,No,www.electexenergy.com,214-202-8746,,,,,32.5859848,-95.0402149
DYNAMIC ELECTRICIANS,"PO BOX 1721, GLADEWATER, TX 75647",GLADEWATER,Texas,Gregg,75647,Generac,Yes,No,No,www.dynamic-electricians.com,903-452-2029,,,,,32.53653329999999,-94.94271680000001
"CORNERSTONE ELECTRIC, LLC.","223 NORTH WHATLEY ROAD, WHITE OAK, TX 75693",WHITE OAK,Texas,Gregg,75693,Generac,Yes,No,No,www.cornerstoneelectricllc.com,903-738-8308,,,,,32.535973,-94.84893799999999
"TRI-STATE WATER, POWER & AIR","1243 MARKET ST, LONGVIEW, TX 75604",LONGVIEW,Texas,Gregg,75604,Generac,Yes,No,No,www.tristatewhywait.com,903-759-6490,,,,,32.4923188,-94.8146842
DNR ELECTRIC SERVICE,"608 LORAINE COURT, LONGVIEW, TX 75604",LONGVIEW,Texas,Gregg,75604,Generac,Yes,No,No,,903-738-7245,,,,,32.5228292,-94.7969753
HILL ELECTRIC CO. LLC,"107 S. TRINITY ST., GILMER, TX 75644",GILMER,Texas,Upshur,75644,Generac,Yes,No,No,,903-843-2742,,,,,32.7282752,-94.9461498
BUDDY'S ELECTRIC SERVICES LLC,"924 NORTH PERRY STREET, PALESTINE, TX 75801",PALESTINE,Texas,Anderson,75801,Generac,Yes,No,No,,903-729-2323,,,,,31.769438,-95.6256294
HARBER ELECTRIC LLC,"1, HALLSVILLE, TX 75650",HALLSVILLE,Texas,Harrison,75650,Generac,Yes,No,Yes,,903-938-1197,,,,,32.504316,-94.5740934
"DAYSTAR ELECTRI-COMM, INC.","17662 CR 196, FLINT, TX 75762",FLINT,Texas,Smith,75762,Generac,No,Yes,No,www.daystar-electric.com,903-534-5850,,,,,32.2264336,-95.4134069
WPI - Kilgore,"3106 North Highway 42, Kilgore, TX 75662",Kilgore,Texas,Gregg,75662,Generac,Yes,No,No,,972-352-4100,,,,,32.4114402,-94.8681481
"CLIFFORD POWER SYSTEMS, INC","1913 E. HWY 80, WHITE OAK, TX 75693",WHITE OAK,Texas,Gregg,75693,Generac,Yes,Yes,No,www.cliffordpower.com,903-291-8305,,,,,32.5134479,-94.8342009
CBH INC,"1625 DBA SCOTT HAMILTON CUSTOM BUILDER, LONGVIEW, TX 75605",LONGVIEW,Texas,Gregg,75605,Generac,Yes,No,No,,903-753-6773,,,,,32.522825,-94.688909
WALDROP ELECTRIC & AIR CONDITIONING,"1206 S CLAY, ENNIS, TX 75119",ENNIS,Texas,Ellis,75119,Generac,Yes,No,No,,972-875-6836,,,,,32.3153565,-96.62694599999999
G & S ELECTRIC LLC,"2127 McClellan St, Shreveport, LA 71103",Shreveport,Louisiana,Caddo Parish,71103,Generac,Yes,Yes,Yes,www.g-selectric.com,318-424-8100,,,,,32.49087069999999,-93.75799169999999
"WILHITE ELECTRIC CO., INC.","4450 VIKING LOOP, BOSSIER CITY, LA 71111",BOSSIER CITY,Louisiana,Bossier,71111,Generac,Yes,Yes,Yes,www.wilhiteelectric.com,318-747-3780,,,,,32.5503209,-93.67901599999999
MY ELECTRIC,"137 DIXIE TRAIL, CARTHAGE, TX 75633",CARTHAGE,Texas,Panola,75633,Generac,Yes,Yes,No,,713-703-6765,,,,,32.1339871,-94.3646005
HAL'S A/C & ELECTRICAL,"1717 NE LOOP, CARTHAGE, TX 75633",CARTHAGE,Texas,Panola,75633,Generac,Yes,Yes,Yes,,903-693-7451,,,,,32.1654477,-94.32132020000002
CHARLES RUTHERFORD,"8129 FM 139, JOAQUIN, TX 75954",JOAQUIN,Texas,Shelby,75954,Generac,Yes,Yes,No,,936-554-3624,,,,,31.9657232,-94.0538028
ARK-LA-TEX ELECTRIC INC,"15437 US HWY 80 EAST, WASKOM, TX 75692",WASKOM,Texas,Harrison,75692,Generac,Yes,Yes,Yes,,903-687-4005,,,,,32.4879272,-94.13226279999999
ALTERNATIVE POWER SOLUTIONS LLC,"9912 Wildoak Drive, Shreveport, LA 71106",Shreveport,Louisiana,Caddo Parish,71106,Generac,Yes,Yes,Yes,,318-798-5588,,,,,32.366969,-93.70882689999999
WHEELER GENERATOR LLC,"101 WEST FRONT STREET, Shreveport, LA 71107",Shreveport,Louisiana,Caddo Parish,71107,Generac,No,Yes,No,www.arklatexgenerator.com,318-423-8028,,,,,32.5796498,-93.8922916
"PRECISION MECHANICAL SERVICES, INC.","3910 INDUSTRIAL CIRCLE, BOSSIER CITY, LA 71112",BOSSIER CITY,Louisiana,Bossier,71112,Generac,Yes,Yes,Yes,precision24.net,318-746-8147,,,,,32.5292685,-93.64992769999999
SMOAK SOLAR SYSTEMS LLC,"326 DEPOT RD, KEATCHIE, LA 71046",KEATCHIE,Louisiana,De Soto,71046,Generac,Yes,No,No,,318-349-4559,,,,,32.1732968,-93.9352631
ANTHONY TECHNICAL SERVICES LLC,"303 LOWERY ROAD, LOGANSPORT, LA 71049",LOGANSPORT,Louisiana,De Soto,71049,Generac,Yes,No,No,,318-697-4871,,,,,31.922776,-93.9225452
NATIONAL REPAIR SERVICE INC.,"1254 DALZELL ST, Shreveport, LA 71103",Shreveport,Louisiana,Caddo Parish,71103,Generac,Yes,No,No,,318-222-3430,,,,,32.4893275,-93.75641680000001
DESTINY ELECTRIC LLC,"460 W 61ST STREET, Shreveport, LA 71106",Shreveport,Louisiana,Caddo Parish,71106,Generac,Yes,No,No,,318-344-5984,,,,,32.4506896,-93.76484959999999
MOUNT DADDY LLC,"9228 LINWOOD AVE SUITE D, Shreveport, LA 71106",Shreveport,Louisiana,Caddo Parish,71106,Generac,Yes,No,No,www.mountdaddy.com,318-455-9668,,,,,32.4116366,-93.76386529999999
A-ELECTRIC COMPANY,"1641 Barton Dr Bldg C, Shreveport, LA 71107",Shreveport,Louisiana,Caddo Parish,71107,Generac,Yes,No,Yes,a-lectriccompany.com,318-469-3883,,,,,32.5399761,-93.77484129999999
C&S DIRTWORKS LLC,"4716 JEAN CIR, Shreveport, LA 71105",Shreveport,Louisiana,Caddo Parish,71105,Generac,Yes,No,Yes,,318-344-7804,,,,,32.4588081,-93.69185139999999
CUSTOM WIRED ELECTRIC LLC,"401 PERFECT PLACE, BOSSIER CITY, LA 71111",BOSSIER CITY,Louisiana,Bossier,71111,Generac,Yes,No,No,,318-423-7725,,,,,32.6151059,-93.7169376
PIONEER COMFORT CONTROL SYSTEMS INC,"1030 DBA PIONEER COMFORT SYSTEMS, Shreveport, LA 71105",Shreveport,Louisiana,Caddo Parish,71105,Generac,No,Yes,No,www.pioneercomfortsystems.com,318-795-8000,,,,,32.413736,-93.725023
BOB DAVIS ELECTRIC CO. INC.,"401 6TH STREET, Shreveport, LA 71101",Shreveport,Louisiana,Caddo Parish,71101,Generac,No,Yes,No,,318-222-8745,,,,,32.5037308,-93.7389666
Power Up Electric LLC.,"3080 Knolin Dr Ste 5, BOSSIER CITY, LA 71112",BOSSIER CITY,Louisiana,Bossier,71112,Generac,No,Yes,No,,318-741-0810,,,,,32.5251573,-93.69414019999999
ARCCO COMPANY SERVICES INC,"4704 VIKING DRIVE, BOSSIER CITY, LA 71111",BOSSIER CITY,Louisiana,Bossier,71111,Generac,Yes,Yes,No,,225-275-2722,,,,,32.5522933,-93.6746203
Coastal Power Products,"1321 County Road 47, Angleton, TX 77515",ANGLETON,Texas,Brazoria,77515,Kohler,Yes,Yes,No,http://coastalpowerproducts.kohlergeneratordealer.com,713-213-4214,,,,,29.277039,-95.365459
Mobile Marine and RV,"1710 East Kyle Road, Clute, TX 77531",CLUTE,Texas,Brazoria,77531,Kohler,Yes,Yes,No,,979-482-3116,,,,,29.0456125,-95.3884133
MNI Diesel Inc.,"7001 Easthaven Building 1, Houston, TX 77017",HOUSTON,Texas,Harris,77017,Kohler,Yes,Yes,No,,281-484-4550,,,,,29.667156,-95.257325
Starbrite Electric Inc.,"1150 Kloecker Road, Sealy, TX 77474",SEALY,Texas,Austin,77474,Kohler,Yes,Yes,No,,979-885-4877,,,,,29.7648738,-96.1747018
Emergency Power Service,"3598 Highway 327, Kountze, TX 77625",Kountze,Texas,Hardin,77625,Kohler,Yes,Yes,Yes,,409-899-3908,,,,,30.3412183,-94.27849610000001
New Source Energy Constructors Inc.,"302 D West Plum, Daisetta, TX 77533",DAISETTA,Texas,Liberty,77533,Kohler,Yes,Yes,No,,936-334-1113,,,,,30.1096469,-94.6464347
Ark Generators,"1925 Longmire Drive Building 3, Conroe, TX 77304",CONROE,Texas,Montgomery,77304,Kohler,Yes,Yes,Yes,http://arkgenerators.kohlergeneratordealer.com,936-441-4275,,,,,30.337944,-95.50771999999999
J Paul Craig Electric & Rental Properties LLC,"626 County Road 200, Nacogdoches, TX 75965",NACOGDOCHES,Texas,Nacogdoches,75965,Kohler,Yes,Yes,Yes,http://jpaulcraigelectricrentalpropertiesllc.kohlergeneratordealer.com,936-564-5631,,,,,31.690083,-94.61157610000001
Generator Power Systems LLC,"21555 Rhodes Road, Spring, TX 77388",SPRING,Texas,Harris,77388,Kohler,Yes,Yes,Yes,http://generatorpowersystemsllc.kohlergeneratordealer.com,281-350-8222,,,,,30.0757744,-95.4974043
Reliant Energy Retail Services LLC,"1050 N. Post Oak Ste 240, Houston, TX 77055",HOUSTON,Texas,Harris,77055,Kohler,Yes,Yes,Yes,http://reliantenergyretailservicesllc.kohlergeneratordealer.com,855-457-5700,,,,,29.78608729999999,-95.4558715
Coastal Power Products ,"1321 County Road 47, Angleton, TX 77515",ANGLETON,Texas,Brazoria,77515,Kohler,Yes,Yes,No,http://coastalpowerproducts.kohlergeneratordealer.com,713-213-4214,,,,,29.277039,-95.365459
Ark Generators ,"1925 Longmire Drive Building 3, Conroe, TX 77304",CONROE,Texas,Montgomery,77304,Kohler,Yes,Yes,Yes,http://arkgenerators.kohlergeneratordealer.com,936-441-4275,,,,,30.337944,-95.50771999999999
KISS Generators,"8860 Congo Lane, Houston, TX 77040",HOUSTON,Texas,Harris,77040,Kohler,Yes,Yes,Yes,http://kissgenerators.kohlergeneratordealer.com,832-723-6030,,,,,29.8830986,-95.5314227
Lutz Electrical Contracting LP,"4910 Darling, Houston, TX 77007",HOUSTON,Texas,Harris,77007,Kohler,Yes,Yes,Yes,,281-679-7000,,,,,29.780257,-95.41097
Grasten Technologies,"32111 Tamina Road, Magnolia, TX 77354",MAGNOLIA,Texas,Montgomery,77354,Kohler,Yes,Yes,Yes,http://grastentechnologies.kohlergeneratordealer.com,832-381-2888,,,,,30.2097192,-95.57653049999999
ATI Advantage,"39397 FM 529, Brookshire, TX 77423",BROOKSHIRE,Texas,Waller,77423,Kohler,Yes,Yes,No,,979-826-9770,,,,,29.91504479999999,-96.0444333
Community Motors Inc.,"22159 Kent Drive, New Caney, TX 77357",New Caney,Texas,Montgomery,77357,Kohler,Yes,Yes,No,,281-354-8087,,,,,30.1250528,-95.2127625
Generator Sales and Service,"22019 Rosewood Trail, Tomball, TX 77377",Tomball,Texas,Harris,77377,Kohler,Yes,Yes,No,,832-702-6664,,,,,30.0805876,-95.7161208
Wabtec Gobal Services,"7402 Eastex Freeway, Houston, TX 77093",HOUSTON,Texas,Harris,77093,Kohler,Yes,Yes,No,http://wabtecglobalservices.kohlergeneratordealer.com,713-222-0792,,,,,29.8269246,-95.33375319999999
McCaffety Electrical Co. Inc.,"1711 Sycamore, Huntsville, TX 77340",HUNTSVILLE,Texas,Walker,77340,Kohler,Yes,Yes,No,,936-295-2831,,,,,30.7157755,-95.53931779999999
East Texas Equipment Sales & Service,"21933 FM 2493, Bulliard, TX 75757",Bulliard,Texas,Smith,75757,Kohler,Yes,Yes,No,,903-894-8242,,,,,32.1604679,-95.3349259
Mid South Engine & Machine,"2201 E US Highway 80, White Oak, TX 75693",WHITE OAK,Texas,Gregg,75693,Kohler,Yes,Yes,No,,903-297-0199,,,,,32.5126255,-94.8323064
A-Lectric Company And Contracting LLC,"1641 Barton Drive Building C, Shreveport, LA 71107",Shreveport,Louisiana,Caddo Parish,71107,Kohler,Yes,Yes,Yes,,318-469-3883,,,,,32.5399761,-93.77484129999999
R & R Services LLC,"4807 Hazel Jones Road, Bossier City, LA 71111",BOSSIER CITY,Louisiana,Bossier,71111,Kohler,Yes,Yes,No,,318-841-7625,,,,,32.5501959,-93.6679091
Land & Sea Service Inc.,"1900 Oak Street, Lamarque, TX 77568",Lamarque,Texas,Galveston,77568,Kohler,Yes,Yes,No,,409-935-9466,,,,,29.361486,-94.9526633
"R&R POWER SERVICES, LLC","4807 Hazel Jones Rd, Bossier City, Louisiana 71111",BOSSIER CITY,Louisiana,Bossier,71111,Cummins,Yes,Yes,No,,(318) 841-7625,,,,,32.5501959,-93.6679091
VALENTINE MECHANICAL SERVICES LLC,"32964 Paille Ln, Springfield, LA 70462, USA",Springfield,Louisiana,Livingston,70462,Generac,Yes,Yes,Yes,http://www.louisianagenerators.com/,225-753-6266,,,,,30.3721781,-90.548484
SHOCKWAVE ELECTRIC LLC,"503 S HOLLYWOOD RD, HOUMA, LA 70360, USA",HOUMA,Louisiana,Terrebonne,70360,Generac,Yes,Yes,Yes,http://www.shockwavegenerators.com/,985-790-9125,,,,,29.5958353,-90.7605012
C&D ELECTRICAL AND GENERATORS INC.,"225 LYNWOOD DR, Houma, LA 70360, USA",Houma,Louisiana,Terrebonne,70360,Generac,Yes,Yes,Yes,www.canddgenerators.com,985-665-8236,,,,,29.5781374,-90.74641199999999
"COMFORT ENGINEERED SYSTEMS, INC","1050 S Jefferson Davis Pkwy Ste 205, New Orleans, LA 70125, USA",New Orleans,Louisiana,Orleans,70125,Generac,Yes,Yes,Yes,www.com4tgenerators.com,504-602-6648,,,,,29.959108,-90.1023527
"MAGIC ELECTRIC, INC.","2010 AMERICA STREET, MANDEVILLE, LA 70448, USA",MANDEVILLE,Louisiana,St. Tammany,70448,Generac,Yes,Yes,Yes,www.magicelectric.biz,985-674-2960,,,,,30.3664922,-90.0603574
LIGHTNING SERVICE INC.,"3201 Metairie Rd, Metairie, LA 70001, USA",Metairie,Louisiana,Jefferson Parish,70001,Generac,Yes,Yes,Yes,https://www.lightningserviceinc.com/,504-837-3278,,,,,29.9767159,-90.1566306
READY POWER,"4809 Clio St, New Orleans, LA 70125, USA",New Orleans,Louisiana,Orleans,70125,Generac,Yes,Yes,Yes,www.readypowerusa.com,504-310-4410,,,,,29.9597266,-90.1063347
GENSOUTH,"190 PARK PLACE, SAINT ROSE, LA 70087, USA",SAINT ROSE,Louisiana,St. Charles,70087,Generac,Yes,Yes,No,https://www.gensouth.net/,504-496-0090,,,,,29.9720531,-90.29521009999999
CHARGER ELECTRICAL SERVICES LLC,"8966 Park Ave, Houma, LA 70363, USA",Houma,Louisiana,Terrebonne,70363,Generac,Yes,Yes,Yes,http://chargerelectric.com/,985-360-3034,,,,,29.5974008,-90.6888514
FRISCHHERTZ ELECTRIC CO. INC,"4240 TOULOUSE STREET, NEW ORLEANS, LA 70119, USA",NEW ORLEANS,Louisiana,Orleans,70119,Generac,Yes,Yes,Yes,www.frischhertz.com,504-482-1146,,,,,29.9796016,-90.0991593
"DUCOTE ELECTRIC, INC.","1304 FULTON STREET, KENNER, LA 70062, USA",KENNER,Louisiana,Jefferson Parish,70062,Generac,Yes,Yes,Yes,www.ducoteelectric.com,504-468-6158,,,,,30.0038944,-90.250343
"BURKHARDT A/C, HTG, & REF INC","1932 SURGI DR., MANDEVILLE, LA 70448, USA",MANDEVILLE,Louisiana,St. Tammany,70448,Generac,Yes,Yes,No,www.burkhardtsair.com,985-626-7741,,,,,30.378804,-90.0497561
CONSOLIDATED PERFORMANCE GROUP,"2200 N. CAUSEWAY BLVD., MANDEVILLE, LA 70471, USA",MANDEVILLE,Louisiana,St. Tammany,70471,Generac,Yes,Yes,No,www.cpgpower.com,985-674-5722,,,,,30.3998554,-90.0874997
CUSTOM POWER SOLUTIONS LLC,"Destrehan, DESTREHAN, LA 70047, USA",DESTREHAN,Louisiana,St. Charles,70047,Generac,Yes,Yes,No,http://www.custompowersolutionsllc.com/,504-234-7407,,,,,29.9572787,-90.37848079999999
B POWERED ELECTRIC LLC,"2082 BENEFIT ST, NEW ORLEANS, LA 70122, USA",NEW ORLEANS,Louisiana,Orleans,70122,Generac,Yes,Yes,Yes,http://bpoweredelectric.com/,504-606-9273,,,,,29.9904887,-90.0612232
AIR COOLED ENGINES INC.,"2520 4TH STREET, HARVEY, LA 70058, USA",HARVEY,Louisiana,Jefferson Parish,70058,Generac,Yes,Yes,Yes,www.acegenerator.com,504-362-6877,,,,,29.9085471,-90.07900959999999
ROBERT REFRIGERATION SERVICE INC,"1028 W HAIRMAW CT, METAIRIE, LA 70001, USA",METAIRIE,Louisiana,Jefferson Parish,70001,Generac,Yes,Yes,No,www.robertrefrigeration.com,504-282-0625,,,,,29.97155649999999,-90.1378706
FACIANE ELECTRICAL SERVICES LLC,"3625 PEACHTREE ST, SLIDELL, LA 70458, USA",SLIDELL,Louisiana,St. Tammany,70458,Generac,Yes,Yes,No,www.fes-la.com,985-718-0790,,,,,30.250423,-89.77980699999999
"KASTNER ELECTRIC, INC.","3183 TERRACE AVENUE, SLIDELL, LA 70458, USA",SLIDELL,Louisiana,St. Tammany,70458,Generac,Yes,Yes,Yes,www.kastnerelectric.com,985-643-9358,,,,,30.2593249,-89.7727857
PREMIER GENERATOR SALES & SERVICE,"1039 ACADIAN DR., MADISONVILLE, LA 70447, USA",MADISONVILLE,Louisiana,St. Tammany,70447,Generac,Yes,Yes,No,www.premier-generator.com,985-264-2895,,,,,30.448042,-90.179833
K GEN,"460 Texas Gulf Rd, Bourg, LA 70343, USA",Bourg,Louisiana,Terrebonne,70343,Generac,Yes,Yes,Yes,NA,985-688-8172,,https://www.facebook.com/kgenelectrical/,,,29.575534,-90.5901627
LAJAUNIE'S A/C & ELECTRICAL REPAIR,"100 WOODLAND DR., THIBODAUX, LA 70301, USA",THIBODAUX,Louisiana,Lafourche,70301,Generac,Yes,Yes,No,NA,985-447-9999,,https://www.facebook.com/LaJaunies-AC-Electrical-Repair-LLC-119901558078212/,,,29.8421243,-90.81203339999999
NATCO SERVICES LLC,"1750 MARTIN LUTHER KING BLVD, HOUMA, LA 70360, USA",HOUMA,Louisiana,Terrebonne,70360,Generac,Yes,Yes,Yes,NA,985-232-5121,,,,,29.6144102,-90.7551768
"BROTHERS PETROLEUM, LLC","1729 LAFAYETTE ST STE 200, GRETHA, LA 70053, USA",GRETHA,Louisiana,Jefferson Parish,70053,Generac,Yes,No,No,NA,504-366-2413,,,,,29.9065297,-90.05365499999999
MARGIOTTA ELECTRIC INC,"3605 Tchoupitoulas St, New Orleans, LA 70115, USA",New Orleans,Louisiana,Orleans,70115,Generac,Yes,No,No,www.margiottaelectricinc.com,504-891-4241,,,,,29.9181772,-90.0905552
GRACIHART ELECTRIC,"1720 ORPHEUM AVE, METAIRIE, LA 70005, USA",METAIRIE,Louisiana,Jefferson Parish,70005,Generac,Yes,No,No,www.gracihartelectric.com,504-832-7997,,,,,30.019224,-90.1222457
CHOICE ELECTRIC INC,"PO BOX 840148, NEW ORLEANS, LA 70124, USA",NEW ORLEANS,Louisiana,Orleans,70124,Generac,Yes,No,No,NA,504-319-2612,,,,,30.0103282,-90.10254259999999
MALONE ELECTRICAL SERVICES INC.,"2657 DREUX AVE, NEW ORLEANS, LA 70122, USA",NEW ORLEANS,Louisiana,Orleans,70122,Generac,Yes,No,No,www.maloneelectrical.com,504-288-4000,,,,,30.0125635,-90.04916829999999
Advanced Industrial Products,"2125 Whitney Avenue, Gretna, LA 70056, USA",Gretna,Louisiana,Jefferson Parish,70056,Generac,Yes,No,No,http://www.advancedindustrialproducts.org/,504-367-1257,,,,,29.9173936,-90.0426921
BELLANDE & SONS ELECTRIC INC.,"509 E. VIRTUE, CHALMETTE, LA 70043, USA",CHALMETTE,Louisiana,St. Bernard,70043,Generac,Yes,No,Yes,https://www.bellandeandsonselectric.com/,504-279-6921,,,,,29.9537636,-89.95286999999999
DAWSON ELECTRIC INC,"900 HICKORY AVE, HARAHAN, LA 70123, USA",HARAHAN,Louisiana,Jefferson Parish,70123,Generac,Yes,No,No,NA,504-466-3601,,https://www.facebook.com/Dawson-Electric-159333877430794/,,,29.9502838,-90.20080899999999
MARINO ELECTRICAL SERVICES LLC,"608 SOPHIA ST, NEW ORLEANS, LA 70123, USA",NEW ORLEANS,Louisiana,Jefferson Parish,70123,Generac,Yes,No,No,https://marinoelectric.net/,504-628-1468,,,,,29.9727483,-90.22924809999999
"TRINITY ELECTRIC, LLC","1805 PRINCETON STREET, METAIRIE, LA 70003, USA",METAIRIE,Louisiana,Jefferson Parish,70003,Generac,Yes,No,No,www.trinityelectricllc.com,504-305-1222,,,,,29.9912586,-90.1999601
CAMBAS ELECTRIC INC.,"3739 FLORIDA AVE, KENNER, LA 70065, USA",KENNER,Louisiana,Jefferson Parish,70065,Generac,Yes,No,No,http://cambaselectric.com/,504-461-8030,,,,,30.0244577,-90.2403348
ALL PRO ELECTRIC,"2250 GREENWOOD ST STE A, KENNER, LA 70062, USA",KENNER,Louisiana,Jefferson Parish,70062,Generac,Yes,No,No,http://www.allproelectricla.com/,504-461-5000,,,,,29.9985831,-90.26665489999999
DUTHU ELECTRIC LLC,"11 CACTUS LANE, ST. ROSE, LA 70087, USA",ST. ROSE,Louisiana,St. Charles,70087,Generac,Yes,No,No,NA,504-559-3817,,https://www.facebook.com/DuthuElectric/,,,29.9544661,-90.3119705
MK ELECTRIC MAN,"1722 BAYOU RD, SAINT BERNARD, LA 70085, USA",SAINT BERNARD,Louisiana,St. Bernard,70085,Generac,Yes,No,No,http://www.mkelectricman.com/,504-899-5483,,,,,29.8671679,-89.8587198
ACCURATE ELECTRIC SERVICE INC.,"27054 HELTEMES LANE, LACOMBE, LA 70445, USA",LACOMBE,Louisiana,St. Tammany,70445,Generac,Yes,No,No,http://www.accurateelectricservice.com/,985-966-0222,,,,,30.327798,-89.9553619
RUSSO'S ELECTRIC &HOME IMPROVEMENTS,"PO BOX 2925, SLIDELL, LA 70459, USA",SLIDELL,Louisiana,St. Tammany,70459,Generac,Yes,No,No,http://russoelectric.com/,985-641-0634,,,,,30.276937,-89.7815327
GOLDSTAR ELECTRIC INC,"13406 SEYMOUR MEYERS BLVD #24, COVINGTON, LA 70433, USA",COVINGTON,Louisiana,St. Tammany,70433,Generac,Yes,No,No,http://www.goldstarla.com/,985-966-5066,,https://www.facebook.com/Goldstar-Electric-Inc-137705392943594/,,,30.455283,-90.17913600000001
CASTILLE ENTERPRISE OF HOUMA LLC,"415 HIBERNIA PLACE, HOUMA, LA 70363, USA",HOUMA,Louisiana,Terrebonne,70363,Generac,Yes,No,No,NA,985-872-6906,,https://www.facebook.com/castilleenterprise/,,,29.5757649,-90.69508019999999
BRYAN'S UNITED AIR CONDITIONING,"1615 Leboeuf St, Gretna, LA 70053, USA",Gretna,Louisiana,Jefferson Parish,70053,Generac,Yes,Yes,No,http://www.bryansunited.com/,504-368-3297,,,,,29.9225011,-90.0435559
PARIS ELECTRIC INC,"2537 KISMET ST, MARRERO, LA 70072, USA",MARRERO,Louisiana,Jefferson Parish,70072,Generac,No,Yes,No,NA,504-416-7906,,,,,29.8591329,-90.0969291
SOUTHERN GENERATOR SERVICES LLC,"1217 N AL DAVIS RD, HARAHAN, LA 70123, USA",HARAHAN,Louisiana,Jefferson Parish,70123,Generac,No,Yes,No,NA,504-330-3610,,https://www.facebook.com/torryemsgservices/,,,29.9569612,-90.19884449999999
MIKE'S HRDWRE & BLD SUPPLY,"540 BROWNSWITCH ROAD, SLIDELL, LA 70458, USA",SLIDELL,Louisiana,St. Tammany,70458,Generac,No,Yes,No,http://www.mikeshardwarestore.com/,985-641-8400,,,,,30.310975,-89.7545908
"Whitfield Homes & Electrical Serv,","1143 Hardy Dr., Covington, LA 70433, USA",Covington,Louisiana,St. Tammany,70433,Generac,No,Yes,No,NA,504-494-1440,,,,,30.4317335,-90.1000218
STANDARD ENGINE AND ELECTRIC,"187 WEST 182ND PLACE, GALLIANO, LA 70354, USA",GALLIANO,Louisiana,Lafourche,70354,Generac,No,Yes,No,NA,985-632-7641,,https://www.facebook.com/pages/Standard-Engine-Electric/250255765710172,,,29.42788299999999,-90.2985174
FIRST CIRCUIT,"306 MASON DRIVE, BOURG, LA 70343, USA",BOURG,Louisiana,Terrebonne,70343,Generac,No,Yes,No,NA,985-855-3413,,,,,29.5569363,-90.6417676
Electrical Maintenance Service,"12019 Arthur Clouatre Rd, Saint Amant, LA 70774, USA",Saint Amant,Louisiana,Ascension,70774,Generac,No,Yes,No,http://www.emsgenerator.com/,225-644-5543,,,,,30.2413264,-90.8380507
"PULLEN AIR CONDITIONING, INC.","377 BROOKLYN AVE, JEFFERSON, LA 70121, USA",JEFFERSON,Louisiana,Jefferson Parish,70121,Generac,No,Yes,No,http://www.pullenac.com/,504-833-1106,,,,,29.9625993,-90.1391132
BRIDGE CITY POWER EQUIPMENT,"1509 BRIDGE CITY AVE, BRIDGE CITY, LA 70094, USA",BRIDGE CITY,Louisiana,Jefferson Parish,70094,Generac,Yes,Yes,No,http://bridgecitypower.com/,504-218-5050,,https://www.facebook.com/Bridge-City-Power-Equipment-646890695412590/,,,29.929649,-90.1695436
"CHUSTZ ELECTRIC, LLC","515 Allendale Dr, Port Allen, Louisiana 70767",Port Allen,Louisiana,West Baton Rouge,70767,Generac,Yes,Yes,Yes,www.chustzelectricgenerators.com,225-387-5017,,,,,30.4478377,-91.22298529999999
Thibodeaux Electric SVC Of Lawtell,"10107 Prejean Hwy, Lawtell, Louisiana 70550",Lawtell,Louisiana,St. Landry,70550,Generac,Yes,Yes,Yes,http://www.thibodeauxelectric.com/,337-543-2362,,https://www.facebook.com/Thibodeauxelectric/,,,30.5178157,-92.18505809999999
GENSET OF NEW ROADS,"1620 Hospital Rd, New Roads, Louisiana 70760",New Roads,Louisiana,Pointe Coupee,70760,Generac,Yes,Yes,No,http://gensetnr.com/,225-638-4440,,https://www.facebook.com/RMA-Generator-ServicesGenSet-of-New-Roads-1570926936524615/,,,30.6920969,-91.46949049999999
"RELIABLE POWER SYSTEMS OF LA, LLC","706 WELDON STREET, NEW IBERIA, Louisiana 70560",NEW IBERIA,Louisiana,Iberia,70560,Generac,Yes,Yes,Yes,NA,337-560-0101,,,,,29.9911781,-91.8105618
METRO ELECTRIC & MAINTENANCE,"211 W EVERGREEN, LAFAYETTE, Louisiana 70501",LAFAYETTE,Louisiana,Lafayette,70501,Generac,Yes,Yes,Yes,www.generac.pro,337-232-3539,,,,,30.2455508,-92.0069092
POWER SOURCE CONSULTANTS,"505 RUE LABELLE, BREAUX BRIDGE, Louisiana 70517",BREAUX BRIDGE,Louisiana,St. Martin,70517,Generac,Yes,Yes,No,https://www.briggsandstratton.com/na/en_us/support/dealer-locator/dealers.188475.html/70517/LA/BREAUX-BRIDGE/POWER-SOURCE-CONSULTANTS.html,337-230-0068,,,,,30.270127,-91.889259
DM SERVICES,"207 N Cushing Ave, Kaplan, Louisiana 70548",Kaplan,Louisiana,Vermilion,70548,Generac,Yes,Yes,No,NA,337-652-1041,,https://www.facebook.com/DMConstructionServices/,,,29.9992765,-92.2846818
"LOUISIANA STATE ELECTRICAL, INC","602 EAST DESOTO STREET, VILLE PLATTE, Louisiana 70586",VILLE PLATTE,Louisiana,Evangeline,70586,Generac,Yes,Yes,No,NA,337-459-0959,,,,,30.6926424,-92.2645587
"BLANCHARD ELECTRIC, INC","763 DBA BEI POWER SYSTEMS, BREAUX BRIDGE, Louisiana 70517",BREAUX BRIDGE,Louisiana,St. Martin,70517,Generac,Yes,Yes,No,NA,337-332-6157,,https://www.facebook.com/Blanchard-Electric-Inc-840591412639988/,,,30.2735323,-91.8992837
GDS ELECTRIC,"601 EAST MILL STREET, KAPLAN, Louisiana 70548",KAPLAN,Louisiana,Vermilion,70548,Generac,Yes,Yes,No,NA,337-523-0338,,,,,29.99482249999999,-92.2807151
LOUVIERE ELECTRIC LLC,"2126 MAIN STREET, JEANERETTE, Louisiana 70544",JEANERETTE,Louisiana,Iberia,70544,Generac,Yes,Yes,No,NA,337-456-5272,,https://www.facebook.com/pages/Louviere-Electric/307406252716550,,,29.923746,-91.674302
DND POWER,"101 NORTH 6TH STREET, EUNICE, Louisiana 70535",EUNICE,Louisiana,St. Landry,70535,Generac,Yes,Yes,No,NA,337-457-1818,,,,,30.4951366,-92.42129589999999
ROBERTSON'S HEATING & A/C,"24700 FREDRICK DR, PLAQUEMINE, Louisiana 70764",PLAQUEMINE,Louisiana,Iberville,70764,Generac,Yes,Yes,No,NA,225-659-7110,,https://www.facebook.com/Robertsons-Heating-AC-Electrical-Services-116439271724907/,,,30.2588297,-91.2694903
MIKE REVERE ELECTRIC COMPANY,"101 N GOVERNOR MIRO DR, LAFAYETTE, Louisiana 70506",LAFAYETTE,Louisiana,Lafayette,70506,Generac,Yes,No,No,NA,337-349-7042,,https://www.facebook.com/pages/Mike-Revere-Electric-Company/1602942036662266,,,30.1912883,-92.0783556
CONTEMPORARY ENERGY SOLUTIONS LLC,"220 NORTH PHILO DRIVE, LAFAYETTE, Louisiana 70506",LAFAYETTE,Louisiana,Lafayette,70506,Generac,Yes,No,No,NA,337-453-6741,,,,,30.19253149999999,-92.07383540000001
TRAVIS ELECTRICAL SERVICES,"3808 HIGHWAY 90 E, BROUSSARD, Louisiana 70518",BROUSSARD,Louisiana,Lafayette,70518,Generac,Yes,No,Yes,https://www.traviselectricalservices.com/contact-us/?utm_source=GMB&utm_medium=organic&utm_campaign=Broussard,337-356-2682,,https://www.facebook.com/traviselectricalservices/,,,30.1564492,-91.96768449999999
Acadiana Electrical Contractors LLC,", Youngsville, Louisiana 70592",Youngsville,Louisiana,Lafayette,70592,Generac,Yes,No,No,http://www.acadianaelectric.com/,337-254-1433,,https://www.facebook.com/Acadiana-Electrical-Contractors-LLC-199653226726887/,,,30.0996471,-91.9901206
J & J ELECTRICAL SERVICES LLC,"9420 W CONGRESS ST, DUSON, Louisiana 70529",DUSON,Louisiana,Lafayette,70529,Generac,Yes,No,No,NA,337-581-1889,,https://www.facebook.com/jandjelectricalandconstructionllc/,,,30.196035,-92.222268
SOUTHERN POWER SERVICES LLC,"PO BOX 508, MAURICE, Louisiana 70555",MAURICE,Louisiana,Vermilion,70555,Generac,Yes,No,No,http://sopower.com/main/,337-212-1007,,,,,30.107498,-92.128086
L&M ELECTRIC LLC,"635 ASHTON STREET, NEW IBERIA, Louisiana 70563",NEW IBERIA,Louisiana,Iberia,70563,Generac,Yes,No,No,NA,337-577-9271,,https://www.facebook.com/lmelectricllc/,,,30.0120352,-91.8038606
TRACY BYRD ELECTRIC LLC,"P.O. BOX 861, LAWTELL, Louisiana 70550",LAWTELL,Louisiana,St. Landry,70550,Generac,Yes,No,No,NA,337-945-5168,,,,,30.517896,-92.1883222
"G ELECTRIC, LLC","183 DEXTER LANE, EUNICE, Louisiana 70535",EUNICE,Louisiana,St. Landry,70535,Generac,Yes,No,No,,337-457-3800,,,,,30.5106311,-92.3866827
SMITH AIR CONDITIONING,"511 E LINCOLN RD, VILLE PLATTE, Louisiana 70586",VILLE PLATTE,Louisiana,Evangeline,70586,Generac,Yes,No,No,,337-363-1866,,,,,30.6941943,-92.2643856
BRADY'S HEATING & AIR LLC,", BALDWIN, Louisiana 70514",BALDWIN,Louisiana,St. Mary,70514,Generac,Yes,No,No,,337-578-5513,,,,,29.8668489,-91.53538929999999
PAT'S ELECTRICAL SERVICE,"8050 BRYAN ROAD, ROANOKE, Louisiana 70581",ROANOKE,Louisiana,Jefferson Davis,70581,Generac,Yes,No,No,,337-753-2500,,,,,30.3207071,-92.7416215
"JEL ELECTRICAL, LLC","3622 Poydras Bayou Dr, Port Allen, Louisiana 70767",Port Allen,Louisiana,West Baton Rouge,70767,Generac,Yes,No,Yes,jelgenerators.com,225-324-7063,,,,,30.51939569999999,-91.40035759999999
A G & H CONTRACTORS LLC,"951 ""MARYLAND AVE """"E"""""", PORT ALLEN, Louisiana 70767",PORT ALLEN,Louisiana,West Baton Rouge,70767,Generac,Yes,No,No,,225-302-7778,,,,,30.4557132,-91.2116288
WEST SIDE ENTERPRISE LLC,"4010 EMILY DRIVE, PORT ALLEN, Louisiana 70767",PORT ALLEN,Louisiana,West Baton Rouge,70767,Generac,Yes,No,No,,225-241-5871,,,,,30.414273,-91.2641153
BRIGHTSIDE ELECTRIC LLC,"PO BOX 43, GLYNN, Louisiana 70736",GLYNN,Louisiana,Pointe Coupee,70736,Generac,Yes,No,No,,225-936-8909,,,,,30.62681,-91.3550878
RAYMOND'S ELECTRICAL LLC,"100 FEDERAL STREET, LAFAYETTE, Louisiana 70506",LAFAYETTE,Louisiana,Lafayette,70506,Generac,No,Yes,No,,337-319-5153,,,,,30.2181305,-92.07527189999999
"Accel Protection & Technologies,LLC","1510 Rees Street, Breaux Bridge, Louisiana 70517",Breaux Bridge,Louisiana,St. Martin,70517,Generac,No,Yes,Yes,www.accelprotech.com,337-332-2730,,,,,30.2867907,-91.90721429999999
DOHMANN ELECTRIC LLC,"6081 Mire Hwy, Church Point, Louisiana 70525",Church Point,Louisiana,Acadia,70525,Generac,No,Yes,No,,337-873-3421,,,,,30.3023918,-92.19436100000001
PULLIN'S ELECTRIC LLC,"306 S RAILROAD, DELCAMBRE, Louisiana 70528",DELCAMBRE,Louisiana,Vermilion,70528,Generac,No,Yes,No,,337-201-1977,,,,,29.9456749,-91.98829169999999
RESOLVE GENERATOR SERVICES LLC,"PO BOX 324, LIVONIA, Louisiana 70755",LIVONIA,Louisiana,Pointe Coupee,70755,Generac,No,Yes,No,,225-978-6612,,,,,30.5589986,-91.5560457
DND RESEARCH,"178 PATH LANE, BASILE, Louisiana 70515",BASILE,Louisiana,Evangeline,70515,Generac,No,Yes,No,,337-432-6305,,,,,30.470187,-92.596706
LAS SALES LLC,"4079 HWY 190, EUNICE, Louisiana 70535",EUNICE,Louisiana,St. Landry,70535,Generac,No,Yes,No,,337-457-9000,,,,,30.4952788,-92.3685642
ANYTIME ELECTRIC LLC,"5543 Opelousas St, Lake Charles, Louisiana 70615",Lake Charles,Louisiana,Calcasieu,70615,Generac,Yes,Yes,Yes,www.anytimeelectric.com,337-602-6127,,,,,30.2428399,-93.137543
LOFTIN ELECTRIC LLC,"1581 , LAKE CHARLES, Louisiana 70612",LAKE CHARLES,Louisiana,Calcasieu,70612,Generac,Yes,Yes,No,,337-855-8882,,,,,30.3260339,-93.2004688
WARD ELECTRIC,"3529 MARCO RD., LENA, Louisiana 71447",LENA,Louisiana,Rapides,71447,Generac,Yes,Yes,Yes,,318-729-6628,,,,,31.511195,-92.76577999999999
"SHAWSON GAS, INC.","1107 S 5th St, Leesville, Louisiana 71446",Leesville,Louisiana,Vernon,71446,Generac,Yes,Yes,No,,337-239-2719,,,,,31.133353,-93.2654744
ALLEN JENKINS CONTRACTOR INC.,"1509 MELROSE STREET, PINEVILLE, Louisiana 71360",PINEVILLE,Louisiana,Rapides,71360,Generac,Yes,No,No,www.allenjenkinscontractor.com,318-443-0164,,,,,31.3246534,-92.41820799999999
GENERATOR SOLUTIONS LLC,"311 RUTH STREET, PINEVILLE, Louisiana 71360",PINEVILLE,Louisiana,Rapides,71360,Generac,Yes,Yes,Yes,,318-451-7529,,,,,31.3155718,-92.424981
MW ELECTRIC LLC,"524 NATION RD, DEVILLE, Louisiana 71328",DEVILLE,Louisiana,Rapides,71328,Generac,Yes,Yes,No,,318-715-0430,,,,,31.34934,-92.19336
"KEH CONSTRUCTION, LLC","186 GREER ROAD, PINEVILLE, Louisiana 71360",PINEVILLE,Louisiana,Rapides,71360,Generac,Yes,No,No,,318-709-5778,,,,,31.3344749,-92.4028294
JACK COLCLASURE,"400 FOURTH ST, JONESVILLE, Louisiana 71343",JONESVILLE,Louisiana,Catahoula,71343,Generac,Yes,No,No,,318-792-0999,,,,,31.6258445,-91.81776289999999
JRS GENERATOR & SMALL ENGINE REPAIR,"9927 HWY 122, DRY PRONG, Louisiana 71423",DRY PRONG,Louisiana,Grant,71423,Generac,No,Yes,No,,318-899-1140,,,,,31.5979313,-92.5508124
"H&S TECHNOLOGY, LLC","1914 PUMP STATION ROAD, MANY, Louisiana 71449",MANY,Louisiana,Sabine,71449,Generac,Yes,Yes,No,,318-256-6234,,,,,31.5010316,-93.4300676
A1 TECHNICAL LLC,"4213 MILES RD, BELMONT, Louisiana 71406",BELMONT,Louisiana,Sabine,71406,Generac,No,Yes,Yes,www.a1llc.com,318-256-0075,,,,,31.73489589999999,-93.48445459999999
Alternate Power Company Inc.,"325 Dennis St., Minden, Louisiana 71055",Minden,Louisiana,Webster,71055,Generac,Yes,Yes,Yes,www.alternatepowercompany.com,318-382-0407,,,,,32.6141626,-93.28064429999999
MORO ELECTRICAL,"1016 KEMP RD, MINDEN, Louisiana 71055",MINDEN,Louisiana,Webster,71055,Generac,Yes,No,No,,318-371-9277,,,,,32.6416024,-93.1297348
Albritton Service Company,"1009 E Georgia Street, Ruston, Louisiana 71270",Ruston,Louisiana,Lincoln,71270,Generac,Yes,Yes,Yes,www.bannistersolarandenergy.com,318-251-0885,,,,,32.5338511,-92.62447879999999
BANNISTER ELECTRIC LLC,"3966 HIGHWAY 15, CALHOUN, Louisiana 71225",CALHOUN,Louisiana,Ouachita Parish,71225,Generac,Yes,Yes,No,,318-372-0491,,,,,32.579062,-92.30373499999999
"MCKOIN GENERATOR SERVICE, LLC","108 OLIVE STREET, MONROE, Louisiana 71201",MONROE,Louisiana,Ouachita Parish,71201,Generac,Yes,No,No,www.mrelectric.com/monroe,318-387-1990,,,,,32.5053385,-92.1196628
"REDD ENERGY SERVICES, INC","1651LOUISVILLE AVENUE, MONROE, Louisiana 71201",MONROE,Louisiana,Ouachita Parish,71201,Generac,Yes,No,No,,318-509-8463,,,,,32.5172744,-92.10854529999999
"HMC Generators, LLC","36560 Mission Street, Prairieville, Louisiana 70769",Prairieville,Louisiana,Ascension,70769,Generac,Yes,Yes,Yes,www.hmcgenerators.com,225-677-9060,,,,,30.26771,-90.988621
RESCOM ELECTRIC LLC,"40472 ABBY JAMES RD., PRAIRIEVILLE, Louisiana 70769",PRAIRIEVILLE,Louisiana,Ascension,70769,Generac,Yes,Yes,Yes,,225-622-3647,,,,,30.3070218,-90.923814
"Boudreaux Electrical Service, Inc.","4641 Hwy 308, Napoleanville, Louisiana 70390",Napoleanville,Louisiana,Assumption,70390,Generac,Yes,Yes,Yes,,985-397-1562,,,,,29.9364332,-91.0160544
GAGE TELEPHONE SYSTEMS INC,"11815 Sun Belt Ct, Baton Rouge, Louisiana 70809",Baton Rouge,Louisiana,East Baton Rouge Parish,70809,Generac,Yes,Yes,No,www.gagetelephone.com,225-753-4243,,,,,30.386695,-91.04929899999999
MC ELECTRIC LLC,"326 DEGRAVELLE ROAD, AMELIA, Louisiana 70340",AMELIA,Louisiana,St. Mary,70340,Generac,Yes,No,No,,985-631-2851,,,,,29.6582654,-91.1034064
K-GEN POWER SYSTEMS,"41044 TURO LANE, GONZALES, Louisiana 70737",GONZALES,Louisiana,Ascension,70737,Generac,Yes,No,No,,225-644-9500,,,,,30.253834,-90.91929999999999
SAM'S ELECTRICAL,"16377 TILLOTSON RD, PRAIRIEVILLE, Louisiana 70769",PRAIRIEVILLE,Louisiana,Ascension,70769,Generac,Yes,No,No,,225-975-0939,,,,,30.3089858,-90.94767089999999
ZYDECO ELECTRIC LLC,"38187 STANLEY STREET, PRAIRIEVILLE, Louisiana 70769",PRAIRIEVILLE,Louisiana,Ascension,70769,Generac,Yes,No,No,,225-773-7043,,,,,30.3323469,-90.97469249999999
RENAISSANCE HOMES AND POOLS LLC,"14312 MEMORIAL TOWER DRIVE, BATON ROUGE, Louisiana 70810",BATON ROUGE,Louisiana,East Baton Rouge Parish,70810,Generac,Yes,No,No,,225-252-7745,,,,,30.3260791,-91.1172158
TIGER ISLAND HARDWARE LLC,"7393 HWY 182E, MORGAN CITY, Louisiana 70380",MORGAN CITY,Louisiana,St. Mary,70380,Generac,No,Yes,No,www.tihardware.com,985-385-3333,,,,,29.6943966,-91.1844548
RELIABLE POWER SERVICES LLC,"9651 HIGHWAY 182 EAST, AMELIA, Louisiana 70340",AMELIA,Louisiana,St. Mary,70340,Generac,Yes,Yes,No,www.reliableengineservices.com,985-631-0121,,,,,29.6691772,-91.1300931
LOUISIANA CAT,"16613 AIRLINE HIGHWAY, PRAIRIEVILLE, Louisiana 70769",PRAIRIEVILLE,Louisiana,Ascension,70769,Generac,No,Yes,No,www.louisianacat.om,225-673-3480,,,,,30.3125682,-90.9777881
Mayeux's A/C & Heating Inc.,"650 St. Charles Street, Norco, Louisiana 70079",Norco,Louisiana,St. Charles,70079,KOHLER,Yes,Yes,Yes,http://mayeuxsacheatinginc.kohlergeneratordealer.com/,985-718-5041,,,,,30.010569,-90.4079714
Solar Alternatives,"5728A Plauche, St Elmwood, Louisiana 70123",St Elmwood,Louisiana,Jefferson Parish,70123,KOHLER,Yes,Yes,No,,504-267-1660,,,,,29.9440836,-90.187193
Alternative Energy Sources,"1111 Williams Boulevard, Kenner, Louisiana 70062",Kenner,Louisiana,Jefferson Parish,70062,KOHLER,Yes,Yes,No,,504-466-7552,,,,,29.9835708,-90.2440877
Pan American Power,"17640 Hard Hat Drive, Covington, Louisiana 70435",Covington,Louisiana,St. Tammany,70435,KOHLER,Yes,Yes,Yes,,985-893-1271,,,,,30.5139185,-90.1095709
Metro Electric & Maintenance Inc.,"211 W. Evergreen Street, Lafayette, Louisiana 70501",Lafayette,Louisiana,Lafayette,70501,KOHLER,Yes,Yes,No,,337-232-3539,,,,,30.2455508,-92.0069092
K.D.M. Sales & Service,"601 Hector Connoly Rd, Carencro, Louisiana 70520",Carencro,Louisiana,Lafayette,70520,KOHLER,Yes,Yes,Yes,,337-896-6719,,,,,30.320024,-92.0034379
TOTAL ENERGY SOLUTIONS LLC,"1338 PETROLEUM PARKWAY, Broussard, Louisiana 70518",Broussard,Louisiana,Lafayette,70518,KOHLER,No,No,No,,337-837-1595,,,,,30.0749659,-91.9346228
Guidry's Electrical Service,"3815 Crowley Rayne Highway, Rayne, Louisiana 70578",Rayne,Louisiana,Acadia,70578,KOHLER,Yes,Yes,No,,337-334-4485,,,,,30.2289279,-92.28575289999999
Sirius Technologies LLC,"101 N 6th Street, Eunice, Louisiana 70535",Eunice,Louisiana,St. Landry,70535,KOHLER,Yes,Yes,Yes,,337-457-1818,,,,,30.4951366,-92.42129589999999
CJ Tech Service LLC,"323 Leger Road, Lake Charles, Louisiana 70607",Lake Charles,Louisiana,Calcasieu,70607,KOHLER,Yes,Yes,No,,337-474-3117,,,,,30.162705,-93.2170289
Loftin Electric Co LLC,"1581 N HWY 171, Lake Charles, Louisiana 70611",Lake Charles,Louisiana,Calcasieu,70611,KOHLER,Yes,Yes,No,,337-855-8882,,,,,30.3258079,-93.2011352
Ducote Air Heat & Electric,"319 East Napoleon Street, Sulphur, Louisiana 70663",Sulphur,Louisiana,Calcasieu,70663,KOHLER,Yes,Yes,No,,337-527-5599,,,,,30.2364339,-93.3745191
GenPro LLC,"1009 Highway 68, Jackson, Louisiana 70748",Jackson,Louisiana,East Feliciana,70748,KOHLER,Yes,Yes,Yes,http://genprollcla.kohlergeneratordealer.com/,252-316-2119,,,,,30.7091146,-91.24988619999999
Shreveport Electric Company Inc.,"2430 Line Avenue, Shreveport, Louisiana 71104",Shreveport,Louisiana,Caddo Parish,71104,KOHLER,Yes,Yes,No,,318-631-7417,,,,,32.4880361,-93.7464052
Precision Mechanical Services Inc.,"3910 Industrial Circle, Bossier City, Louisiana 71112",Bossier City,Louisiana,Bossier,71112,KOHLER,Yes,Yes,No,,318-746-8147,,,,,32.5292685,-93.64992769999999
Wheeler Generators,"101 W Front Street, Shreveport, Louisiana 71107",Shreveport,Louisiana,Caddo Parish,71107,KOHLER,Yes,Yes,No,,318-423-8028,,,,,32.5796498,-93.8922916
Vallery Electric LLC,"2317 Velencia Blvd, Monroe, Louisiana 71201",Monroe,Louisiana,Ouachita Parish,71201,KOHLER,Yes,Yes,No,,318-325-3503,,,,,32.5504251,-92.1218191
Total Instrument & Electrical Services Generator Division LLC,"5363 Highway 311, Houma, Louisiana 70360",Houma,Louisiana,Terrebonne,70360,KOHLER,Yes,Yes,Yes,,985-876-2999,,,,,29.5929,-90.7467832
M & L Engine LLC,"1212 St Charles, St Houma, Louisiana 70360",St Houma,Louisiana,Terrebonne,70360,KOHLER,Yes,Yes,No,,800-960-0068,,,,,29.5906005,-90.7429034
WARD LEONARD,"2534 Cummins Road, Houma, Louisiana 70363",Houma,Louisiana,Terrebonne,70363,Cummins,No,No,No,http://www.wardleonard.com,985 876-0198,,,,,29.5711744,-90.6778968
"LINXWILER ELECTRIC, LLC","11918 Joor Road, Baton Rouge, LA, United States",BATON ROUGE,Louisiana,East Baton Rouge Parish,70818,Generac,Yes,,,http://www.linxwilerelectric.com/,225-261-4583,blake@linxwilerelectric.com,,,,30.5557896,-91.04685119999999
"CERTIFIED ALARM SYSTEMS, INC.","1113 Florida Blvd SE
Denham Springs, LA 70726",Denham Springs,Louisiana,Livingston,70726,Generac,Yes,,,http://certifiedalarms.com/home_security/,225-928-7867,info@certifiedalarms.com,,,,30.484378,-90.942195
OPTIMIZE EGS,"505 North Foster Drive
Baton Rouge, LA 70806",BATON ROUGE,Louisiana,East Baton Rouge Parish,70806,Generac,Yes,,,http://www.optimizeegs.com/,(225) 308-4100,info@OptimizeEGS.com,,,,30.45299929999999,-91.1395375
Calvin’s Maintenance,"14653 Terrell Rd, Baton Rouge, LA 70816",BATON ROUGE,Louisiana,East Baton Rouge Parish,70816,Generac,Yes,,,http://www.callcalvins.com,225-752-5014,NA,,,,30.423189,-91.0215558
A to Z Electrical Services,"44301 Donna Villar Road, Prairieville, LA 70769",PRAIRIEVILLE,Louisiana,Ascension,70769,Generac,Yes,,,N/A,225-937-7587,N/A,,,,30.3157486,-90.8613732
Frischhertz Electric,"4240 Toulouse St, New Orleans, LA 70119",New Orleans,Louisiana,Orleans,70119,Generac,Yes,,,http://www.frischhertz.com/,(504) 482-1146,N/A,,,,29.9796016,-90.0991593
Lightning Service Inc,"3201 Metairie Rd, Metairie, LA 70001",METAIRIE,Louisiana,Jefferson Parish,70001,Generac,Yes,,,https://www.lightningserviceinc.com,(504) 837-3278,N/A,,,,29.9767159,-90.1566306
Ducote Electric,"1304 Fulton Street, Kenner, LA 70062",Kenner,Louisiana,Jefferson Parish,70062,Generac,Yes,,,http://www.ducoteelectric.com/,(504) 468-6158,N/A,,,,30.0038944,-90.250343
"Burkhardt Air Conditioning, Heating, & Ref","3501 Severn Avenue.
Suite 19C
Metairie, LA 70002",METAIRIE,Louisiana,Jefferson Parish,70002,Generac,Yes,,,https://burkhardtsair.com/,504.277.7520,N/A,,,,30.0125259,-90.15820339999999
B. Powered Electric,"2082 Benefit St New Orleans, LA 70122",New Orleans,Louisiana,Orleans,70122,Generac,Yes,,,http://bpoweredelectric.com/,(504) 606-9273,bpoweredup@yahoo.com,,,,29.9904887,-90.0612232
Air Cooled Engines Inc,"2520 4th St, Harvey, LA 70058",Harvey,Louisiana,Jefferson Parish,70058,Generac,Yes,,,https://aircooledengineinc.com/,(504) 362-6877,N/A,,,,29.9085471,-90.07900959999999
PriceCo Supply,"15151 Greenwell Springs Rd, Greenwell Springs, LA 70739",BATON ROUGE,Louisiana,East Baton Rouge Parish,70739,Generac,Yes,,,http://www.pricecosupply.com/,(225) 262-6245,N/A,,,,30.5178195,-91.020974
Central Heating and Air,"8565 Rome Dr.
Baton Rouge, LA 70818",Baton Rouge,Louisiana,East Baton Rouge Parish,70818,Generac,Yes,,,http://www.centralheating-air.com/product-category/generators/,(225) 262-1186,sales@centralheating-air.com,,,,30.5296733,-91.0365917
"Ideal Generators, INC.","34781 LA-16, Denham Springs, LA 70706",Denham Springs,Louisiana,Livingston,70706,Generac,Yes,,,N/A,(225) 933-9219,N/A,,,,30.5722299,-90.95630210000002
Double D Electric,"Double D ELectric Baton Rouge, LA 70801",Baton Rouge,Louisiana,East Baton Rouge Parish,70801,Generac,Yes,,,http://www.doubledelectricbr.com/,(225) 407-0647,N/A,,,,30.4483779,-91.18870799999999
Braud Electric,"BRAUD ELECTRIC

39522 Highway 74

Gonzales, LA 70737",Gonzales,Louisiana,Ascension,70737,Generac,Yes,,,http://www.braudelectric.com/baton-rouge-electrical-services/home-generators/,225-644-0400,N/A,,,,30.2552442,-90.93808399999999
Taylor Power Systems,"1912 W Orice Roth Rd, Gonzales, LA 70737",BATON ROUGE,Louisiana,Ascension,70737,Generac,Yes,,,https://www.taylorpower.com/,(225) 744-0030,N/A,,,,30.219059,-90.9433232
Rescom Electric,"40454 Abby James Rd Suite Prairieville, LA 70769",Prairieville,Louisiana,Ascension,70769,Generac,Yes,,,http://www.rescomllc.com/,(225) 622-3647,N/A,,,,30.3068715,-90.92447829999999
tumey electric,"181111 manning dr prairieville, LA 70769",PRAIRIEVILLE,Louisiana,Ascension,70769,Generac,Yes,,,N/A,(225) 362-1654,N/A,,,,30.334144,-90.91082
Technical Services Group LLC,"12015 Cloverland Ct Baton Rouge, LA 70809",BATON ROUGE,Louisiana,East Baton Rouge Parish,70809,Generac,Yes,,,http://tsgcom.com/,(225) 407-0012,sales@tsgcom.com,,,,30.3891345,-91.0473543
Mr. Electric of Baton Rouge,"4637 Jamestown AVe. Suite E | Baton Rouge, LA 70808",Baton Rouge,Louisiana,East Baton Rouge Parish,70808,Generac,Yes,,,https://mrelectric.com/baton-rouge,225-224-0358,N/A,,,,30.4215173,-91.1373746
Reliable Electric LLC,"24522 Joe May Rd, Denham Springs, LA 70726",Denham Springs,Louisiana,Livingston,70726,Generac,Yes,,,N/A,225) 665-4416,N/A,,,,30.4237197,-90.86306379999999
Essential Power Services,"11439 Pennywood Ave, Baton Rouge, LA 70809",Baton Rouge,Louisiana,East Baton Rouge Parish,70809,Generac,Yes,,,http://www.esentia.com/Default.asp,(225) 246-2177,sales@esentia.com,,,,30.3916599,-91.0538114
Applied Industrial Technologies,"11627 Industriplex Blvd, Baton Rouge, LA 70809",Baton Rouge,Louisiana,East Baton Rouge Parish,70809,Generac,Yes,,,https://www.applied.com/?utm_source=google&utm_medium=gmb&utm_campaign=google_my_business,(225) 755-7960,N/A,,,,30.3861242,-91.0522167
Manno Electric,"13317 S Choctaw Dr suite d, Baton Rouge, LA 70815",Baton Rouge,Louisiana,East Baton Rouge Parish,70815,Generac,Yes,,,N/A,(225) 275-4334,N/A,,,,30.4731025,-91.037706
Delta Electric,"3888 Victoria Drive, Baton Rouge, LA 70812",Baton Rouge,Louisiana,East Baton Rouge Parish,70812,Generac,Yes,,,http://deltaelectricco.com/,225-358-8226,delta7094@aol.com,,,,30.4863035,-91.1174278
Davilco Electric,"2327 N Airway Dr, Baton Rouge, LA 70815",BATON ROUGE,Louisiana,East Baton Rouge Parish,70815,Generac,Yes,,,https://davilco-electric.business.site/,(225) 927-8994,N/A,,,,30.4694529,-91.0990745
Nicotri Electric Inc.,"9195 Mammoth Ave, Baton Rouge, LA 70814",BATON ROUGE,Louisiana,East Baton Rouge Parish,70814,Generac,Yes,,,http://www.nicotrielectric.com/,(225) 627-1255,N/A,,,,30.4742604,-91.08636299999999
Central Emergency Power,"12023 Sullivan Rd, Baton Rouge, LA 70818",BATON ROUGE,Louisiana,East Baton Rouge Parish,70818,Generac,Yes,,,http://www.centralemergencypower.com/,(225) 261-2223,N/A,,,,30.557209,-91.0390666
"""CHARLIE """"D"""" ELECTRIC""","5490 FM 1374 Rd, Huntsville, TX 77340",HUNTSVILLE,Texas,Walker,77340,Generac,Yes,No,No,NA,936-291-6682,,,,,30.583458,-95.591869
S Con Services,"1007 E Navasota St, Groesbeck, TX 76642",Groesbeck,Texas,Limestone,76642,Cummins,Yes,No,No,http://sconservices.com,979 822-4445,,,,,31.5162558,-96.52522259999999
LONE STAR OUTDOOR POWER QUIPMENT,"13505 US-190, Onalaska, TX 77360",ONALASKA,Texas,Polk,77360,Other,Yes,,,,,,,,,30.8144377,-95.1000169
Generators Industries LLC,"1118 N Main St #1F, Pearland, TX 77581",PEARLAND,Texas,Brazoria,77581,OTHER,Yes,,,,,,,,,29.5936314,-95.2872831
MNI Diesel Inc.,"7001 Easthaven Blvd # 1, Houston, TX 77017",HOUSTON,Texas,Harris,77017,Other,Yes,,,,,,,,,29.667156,-95.257325
Land & Sea Service Inc.,"1900 Oak St., La Marque, TX 77568",La MARQUE,Texas,Galveston,77568,Other,Yes,,,,,,,,,29.361486,-94.9526633
RAVE Electrical Service LLC,"1122 Dickinson Ave,
Dickinson, Texas 77539",DICKINSON,Texas,Galveston,77539,Other,Yes,,,,,,,,,29.4872128,-95.0474885
Progressive Diesel Red Inc.,"8311 Industrial Dr, Pearland, TX 77584",PEARLAND,Texas,Brazoria,77584,Other,Yes,,,http://www.progressivedieselred.com/,281-993-0099,,,,,29.5289728,-95.2733006
ARKANSAS ELECTRIC SERVICE AND CONT,"1421 East 9th Street
Little Rock, AR 72202",Little ROCK,Arkansas,Pulaski,72202,Generac,Yes,,,,,,,,,34.7388267,-92.254618
3 BERT BLACK SERVICE COMPANY,"2923 W 60th St, Little Rock, AR 72209",Rock,Arkansas,Pulaski,72209,Other,Yes,,,,,,,,,34.6939152,-92.30949989999999
6 AIRMASTERS LLC,"124 Rose Ln #403, Frisco, TX 75034",FRISCO,Texas,Collin,75034,Generac,Yes,,,,,,,,,33.1455471,-96.9146669
DEAN & DEAN LLC,"1821 Ar Hwy 354
Oxford, AR 72565",OXFORD,Arkansas,Izard,72565,Other,Yes,,,,,,,,,36.2324807,-91.85875050000001
WHITEAKER ELECTRIC,"470 Blossom Dr, Batesville, AR 72501",BATESVILLE,Arkansas,Independence,72501,Other,Yes,,,,,,,,,35.7807728,-91.6562044
LIGHTS ON ELECTRIC,"243 Moore Rd
Mountain View, AR 72560",,Arkansas,Stone,72560,Other,Yes,,,,,,,,,35.9113055,-92.0641644
COPPER CREEK CONSTRUCTION LLC,"2975 Shelton Road North
Bee Branch, AR 72013",BRANCH,Arkansas,Van Buren,72013,Other,Yes,,,,,,,,,35.4981379,-92.3429439
WHITE RIVER TRAILER,"2784 HWY 69B, Sage, AR 72573",SAGE,Arkansas,Izard,72573,Generac,Yes,,,,,,,,,36.0261741,-91.8162802
Generated Energy Solutions LLC.,"212 McClanahan Dr, Bryant, AR 72022",Bryant,Arkansas,Saline,72022,Generac,Yes,,,,,,,,,34.6190061,-92.4955841
Staley Inc..,"8101 Fourche Road
Little Rock, Arkansas 72209",Little ROCK,Arkansas,Pulaski,72209,Other,Yes,,,,,,,,,34.6755289,-92.31631920000001
RP Power LLC.,"7777 Northshore Pl, North Little Rock, AR 72118",ROCK,Arkansas,Pulaski,72118,Kohler,Yes,,,,,,,,,34.8061071,-92.3499519
"CRAWFORD ELECTRIC, INC","143 Highway 201 North, Mountain Home, AR 72653",Mountain Home,Arkansas,Baxter,72653,Other,Yes,,,,,,,,,36.3428137,-92.3853346
PRECISE SOLAR AND POWER,"3250 Harrison St #500, Batesville, AR 72501",BATESVILLE,Arkansas,Independence,72501,Other,Yes,,,,,,,,,35.7661408,-91.6125946
JACKSON ELECTRICAL SERVICE LLC,"293 Acres Rd, Williford, AR 72482",WILLIFORD,Arkansas,Sharp,72482,Other,Yes,,,,,,,,,36.3070189,-91.3979935
ZIMDAHL ELECTRIC INC.,"1005 Hwy 201 North, Mountain Home, AR 72653",,Arkansas,Baxter,72653,Other,Yes,,,,,,,,,36.3518581,-92.3857203
"G & S ELECTRICAL SERVICES, LLC","3146 Norbrook Dr, Memphis, TN 38116",Memphis,Tennessee,Shelby,38116,Generac,Yes,,,,,,,,,35.0625044,-90.0306282
"HIGGINS ELECTRIC, LLC","2271 Podesta Cove
Memphis TN 38134",MEMPHIS,Arkansas,Shelby,38134,Other,Yes,,,,,,,,,35.1881034,-89.8944703
FBR COMPANY,"91 Larkcrest Ln, Harrison, AR 72601",HARRISON,Arkansas,Boone,72601,Other,Yes,,,,,,,,,36.287262,-93.172051
River Pointe Electric LLC,"Hernando, Mississippi",Hernando,Mississippi,,,Kohler,Yes,,,https://www.riverpointeelectric.com/,,jody@riverpointeelectric.com,,,,34.823987,-89.9937018
Jim Cowden Electric LLC,"173 Grants Ferry Circle
Brandon, MS 39047",Brandon,Mississippi,Rankin,39047,Kohler,Yes,,,,,,,,,32.3329384,-90.00921729999999
TAW Power Systems,"517 Liberty Rd, Flowood, MS 39232",FLOWOOD,Mississippi,Rankin,39232,Kohler,Yes,,,,,,,,,32.3414157,-90.0790933
Hurricane Equipment Service,"9405 MONTRIDGE
HOUSTON, TX 77080",HOUSTON,Texas,Harris,77080,Kohler,Yes,Yes,No,NA,713-702-0895,,,,,29.8079666,-95.5213586
"
A & A GenPro Inc.","2870 Gessner Rd Ste C14, Houston, TX 77080",C HOUSTON,Texas,Harris,77080,Cummins,Yes,No,No,http://www.aagenpro.com,713 830-3280,,,,,29.8245,-95.54492499999999
Loftin Equipment Co.,"5204 Bear Creek Ct, Irving, TX 75061",Irving,Texas,Dallas,75061,Kohler,Yes,No,No,NA,281-310-6858,,,,,32.818993,-97.02623849999999
"
ABACUS PLUMBING A/C & ELECTRICAL","4001 Kendrick Plaza Drive
Houston, Texas 77032",HOUSTON,Texas,Harris,77032,Generac,Yes,No,No,www.abacusplubming.net,713-812-7070,,https://www.facebook.com/abacusplumbing/,,,29.942261,-95.3293676
DIKONIA ELECTRIC LLC,"3115 N Fry Rd #410, Katy, TX 77449",Katy,Texas,Harris,77449,Generac,No,Yes,No,NA,281-646-8580,,,,,29.81522,-95.7226422
"
FACILITIES ELECTRIC","12933 Brittmoore Park Dr, Houston, TX 77041",Houston,Texas,Harris,77041,Generac,Yes,Yes,No,www.facilitieselectric.com,713-647-6767,,,,,29.8560648,-95.58609829999999